CoC,CoR,PoE,arrival_state,age,biryear,gender,airline,admnum,fltno,visatype,arrival_mode,visit_purpose,arrival_dt,departure_dt
209,209,HHW,HI,61,1955,F,JL,56582674633,00782,WT,Air,Pleasure,2016-04-22,2016-04-29
582,582,MCA,TX,26,1990,M,*GA,94361995930,XBLNG,B2,Air,Pleasure,2016-04-23,2016-04-24
148,112,OGG,FL,76,1940,M,LH,55780468433,00464,WT,Air,Pleasure,2016-04-07,2016-04-27
297,297,LOS,CA,25,1991,M,QR,94789696030,00739,B2,Air,Pleasure,2016-04-28,2016-05-07
111,111,CHM,NY,19,1997,F,,42322572633,LAND,WT,Land,Pleasure,2016-04-06,2016-04-09
577,577,ATL,GA,51,1965,M,DL,736852585,910,B2,Air,Pleasure,2016-04-08,2016-06-01
245,245,SFR,CA,48,1968,F,CX,786312185,870,B2,Air,Pleasure,2016-04-12,2016-06-30
113,135,NYC,NY,33,1983,F,BA,55474485033,00117,WT,Air,Pleasure,2016-04-02,2016-04-10
438,438,LOS,CA,4,2012,F,QF,55743814633,00015,WT,Air,Pleasure,2016-04-07,2016-04-21
209,209,PHI,HI,72,1944,M,DL,59336618033,00598,WT,Air,Pleasure,2016-04-27,2016-05-01
148,112,FTL,,54,1962,F,VES,56175860733,93724,WT,Sea,Pleasure,2016-04-15,2016-04-21
260,260,LOS,CA,62,1954,F,EK,94612771030,00215,B2,Air,Pleasure,2016-04-26,2016-05-07
148,112,BOS,MA,34,1982,F,AF,55833387633,00338,WT,Air,Pleasure,2016-04-08,2016-04-16
245,245,SAI,,30,1986,M,MU,44162582033,00763,CP,Air,Pleasure,2016-04-01,2016-04-06
512,512,NAS,GA,21,1995,F,DL,92858001630,00554,B2,Air,Pleasure,2016-04-06,2016-04-08
746,158,SEA,NV,46,1970,M,DL,94435600530,00143,B2,Air,Pleasure,2016-04-24,2016-04-27
260,260,FTL,CA,14,2002,M,OZ,93536845530,00204,B2,Air,Pleasure,2016-04-14,2016-05-22
111,511,NYC,NY,41,1975,F,DY,56307118133,06750,WT,Air,Pleasure,2016-04-17,2016-04-23
251,251,HOU,CA,22,1994,M,BA,93654774730,00273,B2,Air,Pleasure,2016-04-15,2016-04-30
268,268,SFR,TX,33,1983,F,UA,55530529133,00872,WT,Air,Pleasure,2016-04-03,2016-06-05
129,585,BAL,,22,1994,M,WN,56486704133,00812,WT,Air,Pleasure,2016-04-20,2016-05-02
213,213,LOS,CA,64,1952,M,QR,94694864030,00739,B2,Air,Pleasure,2016-04-27,2016-08-10
135,135,ORL,FL,17,1999,M,VS,55996439733,00075,WT,Air,Pleasure,2016-04-11,2016-04-25
582,582,SNJ,CA,42,1974,F,Y4,93617884330,00930,B2,Air,Pleasure,2016-04-15,2016-04-17
133,264,HOU,NV,41,1975,M,TK,95021509030,00033,B1,Air,Business,2016-04-30,2016-05-06
582,582,DET,FL,35,1981,F,AA,94957649530,01498,B2,Air,Pleasure,2016-04-30,2016-05-07
373,509,DET,NY,34,1982,M,AA,93605219730,01428,B2,Air,Pleasure,2016-04-15,2016-04-18
126,324,FTL,NY,16,2000,F,IB,55516920333,06253,WT,Air,Pleasure,2016-04-02,2016-04-07
582,582,HOU,PA,40,1976,F,UA,94493820830,01085,B1,Air,Business,2016-04-25,2016-04-29
213,213,LVG,NC,61,1955,M,LH,93722980130,00428,B2,Air,Pleasure,2016-04-16,2016-06-29
689,689,ORL,FL,26,1990,F,DL,94296987730,00196,B2,Air,Pleasure,2016-04-23,2016-05-06
687,687,PSP,FL,56,1960,M,AR,92753974630,01304,B2,Air,Pleasure,2016-04-04,2016-04-26
245,245,NEW,NJ,32,1984,M,CA,92724527630,00819,B1,Air,Business,2016-04-04,2016-07-16
209,209,NEW,NY,8,2008,M,UA,59478726133,00078,WT,Air,Pleasure,2016-04-29,2016-05-05
129,129,MIA,FL,59,1957,M,AM,55739427433,00428,WB,Air,Business,2016-04-06,2016-04-09
528,528,MIA,FL,38,1978,M,AA,93535414630,01504,B2,Air,Pleasure,2016-04-14,2016-04-18
123,123,NEW,NY,43,1973,M,UA,59129343233,00017,WT,Air,Pleasure,2016-04-23,2016-05-06
209,209,SDP,,46,1970,M,JL,55663229533,00066,WT,Air,Pleasure,2016-04-05,2016-04-08
689,689,MIA,FL,10,2006,F,JJ,93639696430,08094,B2,Air,Pleasure,2016-04-15,2016-04-25
689,689,ORL,FL,34,1982,M,DL,94478592130,00196,B2,Air,Pleasure,2016-04-25,2016-05-04
135,135,DUB,VT,52,1964,F,EI,55851398233,00139,WT,Air,Pleasure,2016-04-09,2016-04-18
129,129,BOS,CA,33,1983,M,IB,56316455333,06165,WT,Air,Pleasure,2016-04-17,2016-05-03
258,258,PEM,IL,25,1991,M,,94718272030,LAND,B2,Land,Pleasure,2016-04-28,2016-09-12
687,687,NYC,NY,19,1997,M,AR,94326241230,01300,B2,Air,Pleasure,2016-04-23,2016-04-29
135,135,LOS,FL,31,1985,M,NZ,666555185,6,B2,Air,Pleasure,2016-04-01,2016-06-14
689,689,LOS,CA,58,1958,M,CM,93458299030,00302,B2,Air,Pleasure,2016-04-14,2016-04-28
746,158,NYC,MA,66,1950,M,SU,93628587330,00102,B2,Air,Pleasure,2016-04-15,2016-05-01
123,123,NEW,FL,34,1982,F,UA,55533602833,00071,WT,Air,Pleasure,2016-04-03,2016-04-20
213,213,SEA,WA,68,1948,F,EK,93178962330,00227,B2,Air,Pleasure,2016-04-10,2016-05-15
209,209,SFR,CA,44,1972,F,UA,59095791433,00876,WT,Air,Pleasure,2016-04-22,2016-05-03
123,123,NYC,NY,21,1995,F,FI,56173576333,00615,WT,Air,Pleasure,2016-04-14,2016-04-20
148,112,NYC,NY,31,1985,F,AF,59155706633,00010,WT,Air,Pleasure,2016-04-23,2016-04-30
209,209,TAM,CA,35,1981,M,UA,56311693233,00838,WB,Air,Business,2016-04-17,2016-04-21
148,112,NEW,NY,36,1980,F,LH,56143790133,00402,WT,Air,Pleasure,2016-04-14,2016-04-18
691,691,MIA,FL,42,1974,M,AV,93801103030,00030,B1,Air,Business,2016-04-17,2016-04-21
135,135,ORL,FL,12,2004,M,BA,59208926433,02039,WT,Air,Pleasure,2016-04-24,2016-05-08
582,582,HOU,TX,42,1974,F,WN,93991159230,02831,F1,Air,Student,2016-04-19,2016-07-04
130,130,NEW,,60,1956,M,UA,55684476033,01625,WT,Air,Pleasure,2016-04-05,2016-04-06
209,209,FTL,CA,60,1956,M,JL,56083095933,00066,WT,Air,Pleasure,2016-04-13,2016-04-16
107,107,BOS,MA,18,1998,F,LH,94272655730,00420,B2,Air,Pleasure,2016-04-22,2016-05-07
103,103,SFR,CA,44,1972,F,TK,94912342330,00079,B2,Air,Pleasure,2016-04-29,2016-05-07
130,130,PSP,IL,72,1944,M,RS,55484208133,07597,WB,Air,Business,2016-04-02,2016-04-04
135,135,ORL,FL,46,1970,M,VS,55781134933,00015,WT,Air,Pleasure,2016-04-07,2016-04-19
694,694,MIA,FL,63,1953,F,AV,94343708330,00342,B2,Air,Pleasure,2016-04-23,2016-05-02
135,135,LVG,NE,40,1976,F,VS,59413767533,00085,WT,Air,Pleasure,2016-04-28,2016-05-01
691,691,NYC,NY,34,1982,F,AV,94198855830,00020,B2,Air,Pleasure,2016-04-22,2016-04-28
135,135,LOS,CA,50,1966,M,BA,56401334033,00283,WT,Air,Pleasure,2016-04-18,2016-05-01
368,368,WAS,VA,65,1951,F,UA,93204610730,00988,B2,Air,Pleasure,2016-04-10,2016-05-31
575,575,TAM,FL,29,1987,M,CM,93236238430,00228,B2,Air,Pleasure,2016-04-10,2016-04-16
687,687,MIA,FL,51,1965,M,JJ,93248662030,08090,B2,Air,Pleasure,2016-04-11,2016-04-28
254,276,SFR,CA,60,1956,F,KE,55874900733,00023,WT,Air,Pleasure,2016-04-09,2016-04-17
213,213,DAL,TX,42,1974,F,AA,94769474330,00071,B2,Air,Pleasure,2016-04-28,2016-05-31
135,135,WAS,VA,52,1964,M,UA,59569665033,00925,WT,Air,Pleasure,2016-04-30,2016-05-11
116,116,SHA,NY,25,1991,F,EI,59319655133,00111,WT,Air,Pleasure,2016-04-27,2016-05-11
135,135,SFR,CA,6,2010,F,BA,56498360533,00287,WT,Air,Pleasure,2016-04-20,2016-05-01
528,528,NYC,IL,73,1943,M,AA,92497858930,00956,B1,Air,Business,2016-04-01,2016-04-05
689,689,MIA,GA,43,1973,M,AA,93472596330,00992,B1,Air,Business,2016-04-14,2016-04-17
135,135,NYC,NY,63,1953,M,BA,56005677933,00115,WB,Air,Business,2016-04-11,2016-04-13
245,245,SAI,MP,29,1987,M,OZ,92557214930,00625,B2,Air,Pleasure,2016-04-02,2016-04-09
582,582,ATL,VA,73,1943,M,EV,94584617530,05510,B2,Air,Pleasure,2016-04-26,2016-05-12
209,209,SFR,MO,71,1945,F,UA,55978766333,00034,WT,Air,Pleasure,2016-04-11,2016-04-18
130,130,ATL,GA,66,1950,M,KL,55637501433,00621,WT,Air,Pleasure,2016-04-04,2016-04-21
209,209,SPM,CA,50,1966,M,UA,56248873133,00034,WB,Air,Business,2016-04-16,2016-04-22
254,276,PHR,TX,36,1980,M,,56299688633,LAND,WT,Land,Pleasure,2016-04-17,2016-05-15
135,135,MIA,MI,48,1968,F,AA,59362332433,01089,WT,Air,Pleasure,2016-04-27,2016-05-04
260,260,BLA,OR,58,1958,F,,94956942830,LAND,B2,Land,Pleasure,2016-04-30,2016-05-02
209,209,MIL,CA,41,1975,M,NH,55701765233,00008,WT,Air,Pleasure,2016-04-06,2016-04-09
116,116,LOS,CA,29,1987,M,VS,55442244033,00007,WT,Air,Pleasure,2016-04-01,2016-04-30
689,689,FTL,FL,39,1977,F,AD,93315697930,08704,B2,Air,Pleasure,2016-04-12,2016-04-22
582,582,LVG,NV,39,1977,F,Y4,92810821730,00966,B2,Air,Pleasure,2016-04-05,2016-04-08
687,687,MIA,FL,10,2006,F,AR,95020044230,01306,B2,Air,Pleasure,2016-04-30,2016-05-15
268,268,LOS,NV,48,1968,M,CI,56296556333,00006,WT,Air,Pleasure,2016-04-16,2016-04-23
514,514,NYC,NY,35,1981,F,B6,94695226130,00060,B2,Air,Pleasure,2016-04-27,2016-05-12
209,209,BOS,MA,47,1969,M,JL,55625892833,00008,WB,Air,Business,2016-04-04,2016-04-08
268,268,NYC,CA,25,1991,M,BR,59566906833,00002,WT,Air,Pleasure,2016-04-30,2016-05-15
135,135,NYC,NY,44,1972,M,LX,93123030030,00022,E2,Air,Business,2016-04-09,2016-06-21
130,124,NEW,NY,52,1964,M,SK,56309030333,00907,WT,Air,Pleasure,2016-04-17,2016-04-23
273,273,NYC,MN,33,1983,M,DL,93118012230,00616,B1,Air,Business,2016-04-09,2016-04-14
130,130,MIA,FL,50,1966,M,BA,56445077433,00209,WT,Air,Pleasure,2016-04-19,2016-04-26
692,692,NYC,NY,71,1945,F,EQ,94569777630,00550,B2,Air,Pleasure,2016-04-26,2016-05-26
746,158,SPM,TX,37,1979,M,SQ,92961751830,00062,B1,Air,Business,2016-04-07,2016-04-22
209,209,HHW,HI,54,1962,M,JL,56212518133,00792,WT,Air,Pleasure,2016-04-15,2016-04-19
135,135,ORL,FL,49,1967,M,VS,56155261333,00015,WT,Air,Pleasure,2016-04-14,2016-04-28
148,112,NYC,NY,40,1976,M,BA,56498600733,00179,WT,Air,Pleasure,2016-04-20,2016-05-09
209,209,HHW,HI,39,1977,M,DL,59453075033,00578,WT,Air,Pleasure,2016-04-29,2016-05-03
691,691,SFR,UN,64,1952,F,DL,684242285,982,B2,Air,Pleasure,2016-04-05,2016-04-26
209,209,TAM,TX,39,1977,M,,56298136733,LAND,WT,Land,Pleasure,2016-04-17,2016-04-18
123,123,SLC,ID,28,1988,M,DL,59292448533,00057,WT,Air,Pleasure,2016-04-26,2016-05-07
251,251,NYC,NY,21,1995,F,AZ,94138429030,00608,B2,Air,Pleasure,2016-04-21,2016-05-03
577,577,CLT,CA,78,1938,F,AA,93709414430,00787,B2,Air,Pleasure,2016-04-16,2016-04-20
260,260,CHI,AZ,34,1982,M,SQ,92477571130,00016,B1,Air,Business,2016-04-01,2016-04-11
148,112,CLT,KY,55,1961,F,AA,59400351133,00731,WT,Air,Pleasure,2016-04-28,2016-05-05
582,582,LVG,NV,64,1952,M,Y4,94340439530,00966,B2,Air,Pleasure,2016-04-23,2016-04-26
694,694,MIA,FL,50,1966,M,LA,93325169830,02514,B2,Air,Pleasure,2016-04-12,2016-04-22
245,245,DAL,TX,53,1963,F,AA,93067127130,00128,B2,Air,Pleasure,2016-04-08,2016-04-29
117,117,ATL,SC,44,1972,M,AF,55459078733,00688,WB,Air,Business,2016-04-01,2016-04-09
135,135,NYC,NY,8,2008,M,BA,55627599633,00115,WT,Air,Pleasure,2016-04-04,2016-04-07
254,276,SEA,NV,69,1947,F,KE,56064428933,00017,WT,Air,Pleasure,2016-04-12,2016-04-18
251,251,SFR,CA,41,1975,F,UA,92790569830,00955,B1,Air,Business,2016-04-05,2016-04-13
687,687,MIA,FL,29,1987,M,4M,94018598830,04520,B2,Air,Pleasure,2016-04-20,2016-04-27
148,112,NEW,IN,53,1963,F,UA,56242884633,00865,WB,Air,Business,2016-04-16,2016-04-23
575,575,LVG,NV,23,1993,M,CM,94694135330,00252,B2,Air,Pleasure,2016-04-27,2016-05-02
691,691,MIA,FL,80,1936,F,AA,94169246530,00916,B2,Air,Pleasure,2016-04-21,2016-05-12
254,276,LOS,CA,60,1956,M,KE,56245473233,00017,WT,Air,Pleasure,2016-04-16,2016-04-19
148,112,CLT,SC,37,1979,M,AA,59230068433,00705,WB,Air,Business,2016-04-25,2016-05-20
135,135,DUB,MA,23,1993,F,EI,688750485,139,WB,Air,Business,2016-04-06,2016-04-10
689,689,MIA,MS,23,1993,F,AA,93560920930,00214,B2,Air,Pleasure,2016-04-15,2016-04-21
129,129,MIA,FL,48,1968,F,SWQ,55412637633,03182,WT,Air,Pleasure,2016-04-01,2016-04-15
213,213,SEA,WA,61,1955,M,EK,93950913030,00227,B2,Air,Pleasure,2016-04-19,2016-06-18
131,131,LOS,CA,6,2010,F,LX,59213716033,00040,WT,Air,Pleasure,2016-04-24,2016-05-20
135,135,BLA,WA,33,1983,F,,771019485,LAND,WT,Land,Pleasure,2016-04-11,2016-07-05
148,112,NYC,NY,34,1982,M,AB,55800377533,07450,WT,Air,Pleasure,2016-04-08,2016-04-18
254,276,HHW,HI,11,2005,M,OZ,59403464133,00232,WT,Air,Pleasure,2016-04-28,2016-05-02
579,579,HOU,FL,26,1990,M,UA,92551407830,01423,B2,Air,Pleasure,2016-04-02,2016-04-09
245,245,LOS,CA,76,1940,F,DL,94914920030,00186,B2,Air,Pleasure,2016-04-29,2016-05-10
694,694,FTL,MD,62,1954,M,NK,93571215030,00978,B2,Air,Pleasure,2016-04-15,2016-08-01
209,209,LOS,HI,59,1957,F,DL,55428572033,00278,WT,Air,Pleasure,2016-04-01,2016-04-06
579,579,MIA,CA,50,1966,F,AA,94685347230,00928,B2,Air,Pleasure,2016-04-27,2016-07-29
582,582,HOU,CA,75,1941,M,UA,94349434830,01089,B2,Air,Pleasure,2016-04-23,2016-05-22
691,691,MIA,FL,63,1953,M,LA,93446381530,03502,B1,Air,Business,2016-04-13,2016-04-20
213,213,EPI,WA,40,1976,M,,92764352130,LAND,B1,Land,Business,2016-04-04,2016-04-05
135,135,ORL,FL,52,1964,M,VS,55824383133,00071,WT,Air,Pleasure,2016-04-08,2016-04-22
209,209,HHW,HI,46,1970,F,NH,55809818233,00184,WT,Air,Pleasure,2016-04-08,2016-04-12
148,112,NEW,CA,56,1960,F,LH,56202440333,00408,WT,Air,Pleasure,2016-04-15,2016-05-03
687,687,LOS,FL,84,1932,F,AR,93937669030,01302,B2,Air,Pleasure,2016-04-19,2016-05-06
164,164,LVG,NV,45,1971,M,WK,93446710630,00006,B2,Air,Pleasure,2016-04-13,2016-04-30
213,213,PHI,PA,17,1999,M,LH,94879945530,00426,B2,Air,Pleasure,2016-04-29,2016-05-02
126,126,NEW,NY,26,1990,F,UA,59284210433,00065,WT,Air,Pleasure,2016-04-26,2016-05-07
135,135,NYC,NY,23,1993,M,VS,56452762833,00025,WT,Air,Pleasure,2016-04-19,2016-04-23
209,209,CHI,TN,48,1968,M,JL,59170067033,00010,WT,Air,Pleasure,2016-04-24,2016-04-28
582,582,FTL,TX,66,1950,F,AM,93022637730,02682,B2,Air,Pleasure,2016-04-08,2016-07-03
209,209,LOS,CA,42,1974,M,AA,59369087333,00026,WT,Air,Pleasure,2016-04-27,2016-05-02
111,111,NYC,NY,36,1980,F,SE,59361635833,00030,WT,Air,Pleasure,2016-04-27,2016-05-01
111,251,LOS,CA,32,1984,M,IB,56163598433,06171,WT,Air,Pleasure,2016-04-14,2016-05-07
213,131,NEW,OH,42,1974,M,LH,92747245330,00402,B1,Air,Business,2016-04-04,2016-04-15
135,135,NYC,NE,57,1959,F,VS,59287258333,00111,WT,Air,Pleasure,2016-04-26,2016-05-06
263,263,NYC,CT,66,1950,F,CX,92691812730,00846,B2,Air,Pleasure,2016-04-03,2016-04-13
691,691,NYC,NJ,57,1959,F,AV,94182423630,00244,B2,Air,Pleasure,2016-04-21,2016-06-15
692,692,NYC,CT,67,1949,F,EQ,93681540430,00550,B2,Air,Pleasure,2016-04-16,2016-09-18
689,689,MIA,FL,30,1986,F,JJ,93913331530,08094,B2,Air,Pleasure,2016-04-18,2016-04-26
251,251,NYC,NY,22,1994,F,SU,92957953030,00100,B2,Air,Pleasure,2016-04-07,2016-05-04
213,213,ATL,NJ,18,1998,F,AI,93395866830,00191,B2,Air,Pleasure,2016-04-13,2016-04-18
464,464,BLA,WA,24,1992,F,,93964289030,LAND,B2,Land,Pleasure,2016-04-19,2016-04-20
209,209,HHW,HI,55,1961,M,DL,55984260933,00598,WT,Air,Pleasure,2016-04-11,2016-04-16
129,129,CHI,IL,48,1968,M,IB,59338977633,06275,WT,Air,Pleasure,2016-04-27,2016-04-28
251,251,SFR,CA,12,2004,M,UA,94571456030,00955,B2,Air,Pleasure,2016-04-26,2016-05-06
107,107,SNA,,31,1985,M,VES,94688059730,92181,B1,Sea,Business,2016-04-27,2016-05-08
111,111,MON,IL,27,1989,M,RS,56147001233,07599,WT,Air,Pleasure,2016-04-14,2016-04-21
582,582,DLR,TX,30,1986,M,*GA,93231751330,N104B,B1,Air,Business,2016-04-10,2016-04-13
124,124,NEW,NY,45,1971,M,SK,55702659033,00907,WT,Air,Pleasure,2016-04-06,2016-04-10
213,213,SFR,CA,47,1969,M,KL,92819621730,00605,B1,Air,Business,2016-04-05,2016-04-09
687,691,LOS,KS,31,1985,F,UA,94883688230,01069,B1,Air,Business,2016-04-29,2016-05-10
602,602,MIA,FL,28,1988,M,PY,95012517530,00421,B2,Air,Pleasure,2016-04-30,2016-05-04
577,577,MIA,FL,56,1960,F,AV,93508720330,00342,B2,Air,Pleasure,2016-04-14,2016-05-05
746,158,NYC,NY,27,1989,F,SU,93955176430,00100,B2,Air,Pleasure,2016-04-19,2016-05-06
131,131,NYC,NY,68,1948,F,LX,55449532533,00014,WT,Air,Pleasure,2016-04-01,2016-06-28
135,135,MIA,FL,48,1968,M,AA,55851183833,01250,WT,Air,Pleasure,2016-04-09,2016-04-10
687,687,MIA,FL,72,1944,M,AA,94610757130,02422,B2,Air,Pleasure,2016-04-26,2016-05-05
130,130,NYC,NY,32,1984,F,DY,59364925733,07015,WT,Air,Pleasure,2016-04-27,2016-05-02
582,582,MIA,FL,44,1972,M,4O,892104785,2960,B1,Air,Business,2016-04-27,2016-05-25
209,209,HHW,HI,6,2010,F,HA,55510998733,00458,WT,Air,Pleasure,2016-04-02,2016-04-05
135,135,ORL,FL,17,1999,F,VS,56295294033,00073,WT,Air,Pleasure,2016-04-16,2016-04-27
209,209,NYC,NY,60,1956,F,NH,55615690233,00104,WT,Air,Pleasure,2016-04-04,2016-04-08
213,213,NYC,NY,35,1981,F,QR,94874855230,00701,B2,Air,Pleasure,2016-04-29,2016-05-15
121,121,NYC,NY,31,1985,M,LH,55521188333,00404,WT,Air,Pleasure,2016-04-02,2016-04-09
245,245,SEA,NY,37,1979,F,HU,94775204430,00495,B2,Air,Pleasure,2016-04-28,2016-05-08
368,368,CHI,IA,48,1968,F,UA,94850032930,00945,B2,Air,Pleasure,2016-04-29,2016-05-12
162,162,MIA,FL,45,1971,F,TK,94911089230,00077,B2,Air,Pleasure,2016-04-29,2016-05-08
691,691,NYC,NY,67,1949,F,AV,94825656930,00206,B2,Air,Pleasure,2016-04-29,2016-08-01
135,135,CLT,CA,34,1982,M,NZ,59503013233,00001,WT,Air,Pleasure,2016-04-29,2016-05-17
582,582,ORL,FL,19,1997,M,AM,94512058830,00434,B2,Air,Pleasure,2016-04-25,2016-05-04
268,268,ATL,FL,36,1980,F,DL,55670660033,00296,WT,Air,Pleasure,2016-04-05,2016-04-17
131,131,NEW,PA,51,1965,M,LX,55688170133,00018,WB,Air,Business,2016-04-05,2016-04-09
124,135,NYC,NY,37,1979,M,BA,55582021033,00183,WB,Air,Business,2016-04-03,2016-04-06
268,268,LOS,CA,19,1997,M,BR,92685611430,00012,F1,Air,Student,2016-04-03,2016-06-22
116,116,DUB,NY,60,1956,M,UA,56410564033,00022,WT,Air,Pleasure,2016-04-19,2016-04-26
274,274,CLT,LA,45,1971,M,AA,786849385,731,B1,Air,Business,2016-04-12,2016-04-18
135,135,TAM,FL,68,1948,M,BA,55676589033,02167,WT,Air,Pleasure,2016-04-05,2016-04-29
691,691,MIA,FL,4,2012,M,AV,93608022930,00030,B2,Air,Pleasure,2016-04-15,2016-05-16
464,438,SFR,CA,51,1965,M,NZ,59195893233,00008,WT,Air,Pleasure,2016-04-24,2016-04-28
368,368,KOA,FL,30,1986,M,EK,92461547930,00219,B2,Air,Pleasure,2016-04-01,2016-04-09
689,689,ORL,NV,46,1970,M,AA,93938303330,00964,B2,Air,Pleasure,2016-04-19,2016-04-23
690,690,MIA,FL,57,1959,M,AV,55702026533,00006,WT,Air,Pleasure,2016-04-06,2016-04-14
438,438,LOS,CA,1,2015,M,UA,59321993633,00099,WT,Air,Pleasure,2016-04-27,2016-05-12
111,111,DET,LA,14,2002,M,AF,55513795433,00378,WT,Air,Pleasure,2016-04-02,2016-04-14
135,135,SFR,CA,42,1974,M,TK,59313924133,00079,WB,Air,Business,2016-04-26,2016-05-04
135,135,SFB,FL,57,1959,M,TOM,56038589933,00132,WT,Air,Pleasure,2016-04-12,2016-04-26
207,207,MIA,WA,31,1985,M,NH,56252050333,00178,WB,Air,Business,2016-04-16,2016-04-27
689,689,ORL,FL,39,1977,M,AD,94363913530,08706,B2,Air,Pleasure,2016-04-23,2016-05-06
746,158,NYC,NY,51,1965,M,SU,94997275130,00102,B2,Air,Pleasure,2016-04-30,2016-05-04
148,112,CLT,FL,29,1987,F,AA,56269684233,00731,WT,Air,Pleasure,2016-04-16,2016-04-23
696,696,OPF,FL,39,1977,M,*GA,94979816330,N137W,B1,Air,Business,2016-04-30,2016-05-09
254,276,SFR,HI,40,1976,M,LJ,56101146933,00601,WT,Air,Pleasure,2016-04-13,2016-04-17
254,276,NYC,MA,19,1997,F,OZ,59227134133,00222,WT,Air,Pleasure,2016-04-25,2016-05-01
117,117,LOS,CA,53,1963,M,LH,55512901733,00452,WT,Air,Pleasure,2016-04-02,2016-04-09
117,117,SEA,WA,49,1967,F,LH,55490818233,00490,WT,Air,Pleasure,2016-04-02,2016-04-09
104,104,SFR,CA,42,1974,M,KL,56089932333,00605,WB,Air,Business,2016-04-13,2016-04-21
130,130,NEW,NY,56,1960,M,SK,56085990733,00903,WT,Air,Pleasure,2016-04-13,2016-04-17
582,582,SNA,CA,77,1939,M,WN,94271764730,01810,B2,Air,Pleasure,2016-04-22,2016-06-21
251,251,NYC,NY,46,1970,F,LY,94100195930,00001,B2,Air,Pleasure,2016-04-21,2016-04-30
263,263,FTL,TN,45,1971,F,QR,92485502130,00707,B2,Air,Pleasure,2016-04-01,2016-04-06
117,689,LOS,CA,36,1980,M,AA,729871185,216,WT,Air,Pleasure,2016-04-08,2016-04-10
689,689,MIA,FL,6,2010,M,CM,94123799030,00226,B2,Air,Pleasure,2016-04-21,2016-05-01
245,245,NYC,CT,48,1968,M,OZ,92724073930,00222,B2,Air,Pleasure,2016-04-04,2016-05-11
525,525,X96,VQ,48,1968,F,VES,94354672630,MANAD,B2,Sea,Pleasure,2016-04-23,2016-07-30
251,251,LOS,CA,70,1946,M,SU,92902412230,00106,B2,Air,Pleasure,2016-04-06,2016-05-15
135,135,DUB,IL,67,1949,F,EI,56117600033,00123,WT,Air,Pleasure,2016-04-14,2016-04-21
268,268,SFR,MA,26,1990,F,UA,93329908030,00872,F1,Air,Student,2016-04-12,2016-07-26
105,105,CHI,LA,16,2000,M,AA,93059137530,00733,B2,Air,Pleasure,2016-04-08,2016-04-14
245,245,PSP,CA,5,2011,F,CZ,93653970830,00327,B2,Air,Pleasure,2016-04-15,2016-04-23
263,263,LOS,TX,55,1961,M,CX,92884579430,00884,B2,Air,Pleasure,2016-04-06,2016-04-16
690,690,PSP,FL,72,1944,F,AV,59342672733,00028,WT,Air,Pleasure,2016-04-27,2016-05-03
209,209,LOS,,32,1984,F,DL,59215597033,00636,WT,Air,Pleasure,2016-04-24,2016-04-25
209,209,LOS,NV,67,1949,M,JL,59460010633,00062,WT,Air,Pleasure,2016-04-29,2016-05-04
574,518,CLM,PR,4,2012,M,BB,93528340730,04590,B2,Air,Pleasure,2016-04-14,2016-04-18
582,582,LOS,CA,58,1958,M,Y4,94229624630,00900,B2,Air,Pleasure,2016-04-22,2016-04-25
691,691,LOS,CA,29,1987,M,AV,93128340330,00522,B2,Air,Pleasure,2016-04-09,2016-05-30
148,112,DAL,TX,54,1962,M,BA,56007533133,00193,WT,Air,Pleasure,2016-04-11,2016-04-25
123,123,NYC,NY,47,1969,M,KL,59191582133,00641,WT,Air,Pleasure,2016-04-24,2016-04-30
579,579,MIA,FL,18,1998,F,AA,93878665030,00994,B2,Air,Pleasure,2016-04-18,2016-04-24
575,575,MIA,FL,41,1975,M,CM,92669344230,00478,B2,Air,Pleasure,2016-04-03,2016-04-08
576,576,TAM,CA,34,1982,F,AA,94237885630,02294,B2,Air,Pleasure,2016-04-22,2016-05-02
746,158,WAS,VA,58,1958,F,UA,94447799530,01694,B2,Air,Pleasure,2016-04-24,2016-05-02
135,135,WAS,DC,60,1956,F,VS,56261210633,00021,WT,Air,Pleasure,2016-04-16,2016-06-08
245,245,CHI,NC,52,1964,M,AA,92947808330,00186,B2,Air,Pleasure,2016-04-07,2016-04-16
123,123,DEN,CO,44,1972,F,BA,59155121833,00219,WT,Air,Pleasure,2016-04-23,2016-05-06
245,245,NYC,FL,45,1971,F,AA,93733245030,00288,B1,Air,Business,2016-04-16,2016-04-21
245,245,SAI,MP,45,1971,M,*GA,92534473230,B5286,B2,Air,Pleasure,2016-04-02,2016-04-04
213,213,WAS,,44,1972,F,,79981817830,LAND,B2,Land,Pleasure,2016-04-16,2016-04-17
585,585,NYC,NY,37,1979,M,B6,93010705430,00836,B2,Air,Pleasure,2016-04-08,2016-04-19
272,272,NYC,TX,73,1943,F,KU,92902696430,00117,B2,Air,Pleasure,2016-04-06,2016-06-19
438,438,HHW,HI,70,1946,F,QF,56103001233,00003,WT,Air,Pleasure,2016-04-13,2016-04-24
108,108,NEW,NY,55,1961,M,SK,59570922733,00901,WT,Air,Pleasure,2016-04-30,2016-05-07
582,582,POO,NV,19,1997,M,Y4,94997763830,00960,B2,Air,Pleasure,2016-04-30,2016-05-04
135,135,NYC,NV,23,1993,M,MT,56524328833,00848,WT,Air,Pleasure,2016-04-21,2016-05-08
687,687,MIA,FL,71,1945,M,LA,92785783930,00500,B2,Air,Pleasure,2016-04-05,2016-04-18
690,690,NOL,NV,73,1943,M,UA,93870037330,02065,B1,Air,Business,2016-04-18,2016-04-22
263,263,MIA,NY,50,1966,M,BR,93071422730,00032,B2,Air,Pleasure,2016-04-08,2016-04-15
148,112,LVG,NV,35,1981,M,BA,55463158833,00275,WT,Air,Pleasure,2016-04-01,2016-04-09
148,112,SFR,WA,22,1994,M,,56323599933,LAND,WT,Land,Pleasure,2016-04-17,2016-05-26
135,135,FTL,FL,24,1992,M,NK,59495503033,00270,WT,Air,Pleasure,2016-04-29,2016-05-02
245,245,WPB,HI,8,2008,F,JL,93623449430,00794,B2,Air,Pleasure,2016-04-15,2016-04-25
114,127,LOS,CA,27,1989,F,KL,55574134033,00601,WT,Air,Pleasure,2016-04-03,2016-04-13
180,135,LOS,HI,65,1951,M,,76988145821,,WT,Sea,Pleasure,2016-04-15,2016-04-19
148,112,LOS,CA,49,1967,M,AM,59399945033,02200,WB,Air,Business,2016-04-28,2016-05-03
111,111,MIA,AL,67,1949,F,AF,56156579533,00090,WT,Air,Pleasure,2016-04-14,2016-05-02
130,130,WAS,MD,39,1977,F,SK,59193281733,00925,WB,Air,Business,2016-04-24,2016-04-28
526,526,CHI,FL,55,1961,F,KX,93545325630,00106,B2,Air,Pleasure,2016-04-14,2016-04-17
438,438,LOS,CA,11,2005,M,QF,55952505733,00017,WT,Air,Pleasure,2016-04-10,2016-04-25
133,264,NYC,NJ,71,1945,F,TK,93455066030,00011,B2,Air,Pleasure,2016-04-13,2016-05-03
438,438,HHW,,88,1928,M,,2984306627,,WT,Sea,Pleasure,2016-04-23,
582,582,PHO,TX,73,1943,M,UA,94225906630,05623,B2,Air,Pleasure,2016-04-22,2016-04-25
135,135,LOS,NY,18,1998,F,VS,56509364133,00003,WT,Air,Pleasure,2016-04-21,2016-04-27
603,603,NYC,NE,36,1980,F,B6,94176086730,00950,B2,Air,Pleasure,2016-04-21,2016-05-08
245,245,SFR,CA,73,1943,F,CI,94185600830,00004,B2,Air,Pleasure,2016-04-22,2016-04-26
251,251,NIA,,65,1951,F,,85827056430,00189,B2,Land,Pleasure,2016-04-21,2016-05-11
111,111,NYC,NY,72,1944,M,AA,55951527633,00105,WT,Air,Pleasure,2016-04-10,2016-04-17
135,135,NYC,NY,68,1948,M,VS,55824094433,00045,WT,Air,Pleasure,2016-04-08,2016-04-12
514,514,MIA,MD,35,1981,M,AA,94692106830,00958,B2,Air,Pleasure,2016-04-27,2016-07-06
513,513,MIA,GA,55,1961,M,AA,94029008430,02572,B2,Air,Pleasure,2016-04-20,2016-04-26
438,438,LOS,AZ,45,1971,M,QF,762960085,15,B2,Air,Pleasure,2016-04-10,2016-04-16
104,104,DAL,TX,31,1985,M,AA,55928373533,00051,WB,Air,Business,2016-04-10,2016-04-15
135,135,NYC,NE,30,1986,F,VS,59535085633,00111,WT,Air,Pleasure,2016-04-30,2016-05-04
687,687,MIA,FL,46,1970,F,4M,94019302830,04520,B2,Air,Pleasure,2016-04-20,2016-04-23
111,111,LOS,NV,64,1952,M,KL,55489091233,00601,WT,Air,Pleasure,2016-04-02,2016-04-16
687,687,MIA,FL,4,2012,M,AR,93250649330,01302,B2,Air,Pleasure,2016-04-11,2016-04-21
135,135,MIA,FL,51,1965,F,VS,56273219933,00005,WT,Air,Pleasure,2016-04-16,2016-04-23
124,124,NYC,NY,38,1978,F,DY,59216739133,07001,WT,Air,Pleasure,2016-04-24,2016-05-01
689,689,MIA,MA,33,1983,F,AA,92852755530,00274,B2,Air,Pleasure,2016-04-06,2016-04-16
117,129,NYC,NY,44,1972,F,AA,878540885,95,WT,Air,Pleasure,2016-04-23,2016-05-12
209,209,DET,HI,66,1950,F,JL,55705934233,00786,WT,Air,Pleasure,2016-04-06,2016-04-14
117,117,LOS,CA,67,1949,M,BA,59198401233,00283,WT,Air,Pleasure,2016-04-24,2016-05-05
135,135,ATL,FL,52,1964,F,VS,59541673733,00109,WT,Air,Pleasure,2016-04-30,2016-05-05
131,131,NEW,NY,15,2001,M,LX,55735467433,00018,WT,Air,Pleasure,2016-04-06,2016-04-21
268,268,HOU,,59,1957,M,,88480470030,00066,B2,Land,Pleasure,2016-04-21,2016-04-23
124,124,NEW,LA,63,1953,F,SK,55982370733,00907,WT,Air,Pleasure,2016-04-11,2016-04-22
263,263,PBB,CA,57,1959,F,,92516646930,00028,B2,Land,Pleasure,2016-04-06,2016-04-15
111,111,ATL,CA,32,1984,F,AF,56346084833,00688,WB,Air,Business,2016-04-17,2016-04-19
130,130,NEW,NY,27,1989,F,SK,55781109133,00903,WT,Air,Pleasure,2016-04-07,2016-04-10
516,516,ORL,FL,83,1933,M,BW,92728314330,00482,B2,Air,Pleasure,2016-04-04,2016-04-08
245,245,SAI,,44,1972,F,3U,41648214933,08645,CP,Air,Pleasure,2016-04-09,2016-04-11
268,268,SFR,CA,25,1991,F,UA,55910985233,00872,WT,Air,Pleasure,2016-04-10,2016-07-06
692,692,MIA,FL,62,1954,F,AA,94864205430,00948,B2,Air,Pleasure,2016-04-29,2016-05-13
135,135,NEW,CA,66,1950,M,UA,59227923433,00080,WT,Air,Pleasure,2016-04-25,2016-05-07
438,438,SFR,CA,24,1992,M,QF,56570480133,00073,WT,Air,Pleasure,2016-04-22,2016-05-09
209,209,LOS,FL,20,1996,F,DL,55603359233,00284,WT,Air,Pleasure,2016-04-04,2016-04-10
438,438,LOS,NY,52,1964,M,QF,55972545933,00011,WT,Air,Pleasure,2016-04-11,2016-04-25
135,135,SFR,SW,53,1963,M,VS,94789081930,0019C,B1,Air,Business,2016-04-28,2016-04-30
213,213,HOU,TX,56,1960,M,QR,94161326530,00713,B2,Air,Pleasure,2016-04-21,2016-06-14
245,245,NEW,IN,52,1964,M,UA,94688582130,00088,B2,Air,Pleasure,2016-04-27,2016-05-17
209,209,HHW,HI,73,1943,M,HA,59087676133,00458,WT,Air,Pleasure,2016-04-22,2016-04-25
254,276,HHW,HI,32,1984,M,KE,55944999033,00053,WT,Air,Pleasure,2016-04-10,2016-04-14
129,691,FTL,FL,33,1983,F,NK,56294488333,00400,WT,Air,Pleasure,2016-04-16,2016-04-19
690,690,MIA,FL,65,1951,F,CM,59532942433,00226,WT,Air,Pleasure,2016-04-30,2016-07-19
692,692,MIA,FL,72,1944,F,AA,93000856830,00902,B2,Air,Pleasure,2016-04-07,2016-04-11
117,131,NYC,NY,18,1998,F,AB,55858473033,07450,WT,Air,Pleasure,2016-04-09,2016-04-16
218,218,LOS,NV,52,1964,M,BA,92824495630,00283,B2,Air,Pleasure,2016-04-05,2016-04-15
148,112,NEW,NY,55,1961,M,LH,59543648133,00402,WT,Air,Pleasure,2016-04-30,2016-05-08
254,276,HHW,HI,52,1964,M,KE,56435659633,00053,WT,Air,Pleasure,2016-04-19,2016-04-23
123,123,NEW,NY,13,2003,M,UA,59534155133,00071,WT,Air,Pleasure,2016-04-30,2016-05-05
438,438,LOS,NJ,55,1961,M,UA,55850018733,00840,WT,Air,Pleasure,2016-04-09,2016-04-16
332,296,NYC,NY,5,2011,M,EK,93329439630,00203,B2,Air,Pleasure,2016-04-12,2016-04-23
135,135,LOS,CA,36,1980,M,UA,55561070733,00935,WT,Air,Pleasure,2016-04-03,2016-04-06
582,582,SFR,CO,81,1935,F,Y4,94988049930,00982,B2,Air,Pleasure,2016-04-30,2016-06-04
513,513,TOR,IL,46,1970,F,MQ,89513976930,03348,B2,Air,Pleasure,2016-04-28,2016-04-29
135,135,SFR,CA,25,1991,F,VS,56543123133,00019,WT,Air,Pleasure,2016-04-21,2016-05-04
691,438,MIA,CA,33,1983,M,AA,92461857730,01130,B1,Air,Business,2016-04-01,2016-04-11
135,135,NYC,NY,31,1985,M,VS,56363595933,00003,WT,Air,Pleasure,2016-04-18,2016-04-24
438,438,LOS,NY,50,1966,F,QF,729781385,11,WT,Air,Pleasure,2016-04-08,2016-04-19
263,263,NYC,CA,44,1972,M,CX,92999451530,00880,B2,Air,Pleasure,2016-04-08,2016-04-19
254,276,HHW,HI,32,1984,M,KE,59197917233,00053,WT,Air,Pleasure,2016-04-24,2016-04-29
130,130,CHI,NV,44,1972,M,SK,56344632833,00945,WB,Air,Business,2016-04-17,2016-04-21
135,135,SFR,CA,55,1961,F,VS,56170840033,00041,WT,Air,Pleasure,2016-04-15,2016-04-18
438,438,LOS,CA,24,1992,M,UA,93693925530,00840,B2,Air,Pleasure,2016-04-16,2016-07-22
103,103,LVG,WA,24,1992,F,BA,55642170033,00275,WT,Air,Pleasure,2016-04-04,2016-05-16
582,582,ORL,FL,30,1986,F,AM,93887576930,00434,B2,Air,Pleasure,2016-04-18,2016-04-23
104,104,NEW,NY,35,1981,M,BA,59521487833,00185,WT,Air,Pleasure,2016-04-30,2016-05-07
204,204,ATL,GA,65,1951,M,KL,94911138830,00621,B2,Air,Pleasure,2016-04-29,2016-05-08
124,124,LOS,CA,43,1973,M,DY,56109016433,07083,WB,Air,Business,2016-04-13,2016-04-21
209,209,CHI,HI,64,1952,M,NQ,56206345333,00182,WT,Air,Pleasure,2016-04-15,2016-04-20
209,209,ORL,NV,47,1969,M,JL,56193813633,00062,WB,Air,Business,2016-04-15,2016-04-22
512,512,LVG,FL,30,1986,M,AA,94173289030,00288,B2,Air,Pleasure,2016-04-21,2016-07-30
103,103,LOS,HI,23,1993,F,KL,55712358233,00601,WT,Air,Pleasure,2016-04-06,2016-05-18
689,689,FTL,FL,30,1986,F,AD,94477521530,08704,B2,Air,Pleasure,2016-04-25,2016-04-30
582,582,BOS,MA,78,1938,M,AM,94075024130,00698,B2,Air,Pleasure,2016-04-20,2016-05-01
464,464,CHI,CA,62,1954,F,NZ,56145713333,00008,WT,Air,Pleasure,2016-04-14,2016-05-02
245,245,LOS,NJ,46,1970,F,MU,94426976530,00583,B2,Air,Pleasure,2016-04-24,2016-05-05
209,209,DAL,NM,29,1987,M,AA,55909946733,00176,WB,Air,Business,2016-04-10,2016-06-04
514,514,FTL,FL,63,1953,F,BW,93327471530,00031,B2,Air,Pleasure,2016-04-12,2016-04-16
135,135,NYC,CT,49,1967,F,AA,56547914633,00107,WT,Air,Pleasure,2016-04-21,2016-04-30
268,268,SFR,CA,37,1979,M,BR,59564988133,00018,WB,Air,Business,2016-04-30,2016-05-22
148,112,OGG,CA,48,1968,M,LH,55768494033,00456,WT,Air,Pleasure,2016-04-07,2016-04-23
126,689,ORL,FL,32,1984,M,AD,55626525233,08706,WT,Air,Pleasure,2016-04-04,2016-04-11
135,135,LVG,NV,49,1967,F,MT,59189341933,00124,WT,Air,Pleasure,2016-04-24,2016-05-01
438,438,CHI,GA,48,1968,M,QF,55420281733,00007,WT,Air,Pleasure,2016-04-01,2016-04-11
254,276,SEA,DC,28,1988,F,KE,56433634733,00019,WT,Air,Pleasure,2016-04-19,2016-04-26
209,209,OGG,HI,57,1959,F,DL,56082772233,00598,WT,Air,Pleasure,2016-04-13,2016-04-17
245,245,CHI,IL,26,1990,M,UA,94901727330,00836,B1,Air,Business,2016-04-29,2016-05-29
245,245,LOS,NY,37,1979,F,CA,94181667330,00983,B2,Air,Pleasure,2016-04-21,2016-05-05
130,130,NEW,NY,35,1981,F,SK,56039869533,00903,WT,Air,Pleasure,2016-04-12,2016-05-12
140,140,DET,MI,41,1975,M,DL,55930157333,00099,WB,Air,Business,2016-04-10,2016-04-16
296,296,MAA,MA,44,1972,F,EY,94362766830,00103,B2,Air,Pleasure,2016-04-23,2016-05-28
117,117,LVG,NV,41,1975,M,BA,56219712133,00275,WB,Air,Business,2016-04-15,2016-04-22
260,260,CHI,IL,39,1977,F,KE,94498803830,00037,B2,Air,Pleasure,2016-04-25,2016-05-30
258,258,MIA,IL,64,1952,F,EK,93434581230,00235,B2,Air,Pleasure,2016-04-13,2016-05-14
438,438,LOS,,29,1987,F,DL,54450730733,00938,WT,Air,Pleasure,2016-04-19,2016-04-20
260,260,CHI,DC,48,1968,F,MU,94592240530,00717,B2,Air,Pleasure,2016-04-26,2016-06-07
582,582,ATL,MI,41,1975,M,DL,94501769130,00331,B1,Air,Business,2016-04-25,2016-06-06
133,264,LOS,CA,61,1955,F,AA,93657747430,00135,B2,Air,Pleasure,2016-04-16,2016-04-23
438,438,LOS,CA,34,1982,M,UA,56066723233,00840,WT,Air,Pleasure,2016-04-12,2016-04-29
201,201,LOS,CA,64,1952,M,BR,93063666830,00002,B2,Air,Pleasure,2016-04-08,2016-04-18
254,276,SFR,CA,40,1976,F,OZ,56316516833,00212,WB,Air,Business,2016-04-17,2016-04-30
213,213,MIA,FL,59,1957,F,QR,92587882930,00777,B2,Air,Pleasure,2016-04-02,2016-06-25
254,276,HHW,HI,4,2012,F,KE,59302105633,00053,WT,Air,Pleasure,2016-04-26,2016-05-01
135,135,DUB,NY,17,1999,M,EI,55741358933,00105,WT,Air,Pleasure,2016-04-07,2016-04-16
696,696,HOU,NY,54,1962,F,UA,93910016930,01045,B1,Air,Business,2016-04-18,2016-05-17
268,268,LOS,CA,40,1976,M,BR,56410086433,00016,WT,Air,Pleasure,2016-04-19,2016-05-03
135,135,ORL,FL,6,2010,F,VS,59295607333,00075,WT,Air,Pleasure,2016-04-26,2016-05-10
213,213,NYC,NY,59,1957,F,EK,93370576930,00207,B2,Air,Pleasure,2016-04-12,2016-05-13
687,687,ORL,FL,48,1968,M,AM,93707445430,00434,B2,Air,Pleasure,2016-04-16,2016-04-29
694,694,MIA,FL,31,1985,F,LA,93290418030,02510,B2,Air,Pleasure,2016-04-11,2016-04-18
135,135,ATL,GA,77,1939,M,DL,55923698533,00688,WT,Air,Pleasure,2016-04-10,2016-04-22
126,126,NEW,NJ,39,1977,F,TP,59093567633,00201,WT,Air,Pleasure,2016-04-22,2016-04-24
696,696,MIA,FL,32,1984,M,9V,93416525730,01220,B2,Air,Pleasure,2016-04-13,2016-04-23
582,582,SNJ,CA,29,1987,M,Y4,93513896830,00930,B2,Air,Pleasure,2016-04-14,2016-08-10
114,114,NEW,NY,25,1991,M,LH,59425200133,00412,WT,Air,Pleasure,2016-04-28,2016-05-08
268,268,WAS,CA,93,1923,F,BR,55835890033,00018,WT,Air,Pleasure,2016-04-08,2016-05-12
111,111,NYC,NY,53,1963,F,AF,59531264033,00012,WT,Air,Pleasure,2016-04-30,2016-05-05
135,135,TAM,FL,53,1963,F,BA,56481490133,02167,WT,Air,Pleasure,2016-04-20,2016-06-21
135,135,WAS,VA,75,1941,F,UA,59236133033,00101,WT,Air,Pleasure,2016-04-25,2016-05-08
582,582,ORL,FL,33,1983,F,AM,93340718230,00434,B1,Air,Business,2016-04-12,2016-04-16
213,213,LOS,UT,40,1976,M,EK,93824337930,00215,B1,Air,Business,2016-04-17,2016-04-29
117,117,NYC,NY,25,1991,F,LH,55615516033,00410,WT,Air,Pleasure,2016-04-04,2016-04-14
582,582,FTL,FL,31,1985,F,Y4,94332378330,00994,B2,Air,Pleasure,2016-04-23,2016-04-25
135,135,ORL,FL,11,2005,M,MT,59291063433,00414,WT,Air,Pleasure,2016-04-26,2016-05-10
111,111,WAS,MD,60,1956,M,UA,59408080533,00914,WT,Air,Pleasure,2016-04-28,2016-05-07
245,245,SFR,CA,38,1978,M,CA,94352287430,00985,B1,Air,Business,2016-04-23,2016-05-12
577,577,HOU,TX,34,1982,F,UA,94745999430,01901,B2,Air,Pleasure,2016-04-28,2016-05-01
129,582,HOU,,51,1965,M,UA,55901931333,05556,WT,Air,Pleasure,2016-04-09,2016-04-10
148,112,SFR,NV,37,1979,M,SK,59206331333,00935,WT,Air,Pleasure,2016-04-24,2016-05-04
218,135,NYC,NY,30,1986,F,BA,92728865230,00175,B1,Air,Business,2016-04-04,2016-04-06
464,464,SFR,CA,31,1985,F,UA,56184260033,00862,WB,Air,Business,2016-04-15,2016-04-23
696,696,MIA,FL,17,1999,F,S3,94755232030,01515,B2,Air,Pleasure,2016-04-28,2016-05-13
209,209,CHI,TN,36,1980,M,UA,59482902533,00882,WT,Air,Pleasure,2016-04-29,2016-05-04
691,691,NEW,NJ,39,1977,M,UA,93619361030,01069,B2,Air,Pleasure,2016-04-15,2016-05-26
690,690,MIA,FL,43,1973,F,LA,92434594130,00502,B2,Air,Pleasure,2016-04-01,2016-04-07
512,512,NAS,FL,24,1992,F,UP,802947985,237,B2,Air,Pleasure,2016-04-15,2016-04-29
438,438,LOS,CA,3,2013,M,QF,59442199833,00093,WT,Air,Pleasure,2016-04-29,2016-05-21
124,124,LOS,CA,36,1980,M,BA,55463578633,00269,WT,Air,Pleasure,2016-04-01,2016-04-11
696,696,HOU,TX,73,1943,F,UA,92653968030,01045,B2,Air,Pleasure,2016-04-03,2016-07-25
148,112,OGG,FL,60,1956,M,AB,55767342733,07210,WT,Air,Pleasure,2016-04-07,2016-05-09
582,582,SEA,FL,40,1976,F,Y4,93030173630,00976,B2,Air,Pleasure,2016-04-08,2016-04-16
254,276,WAS,VA,41,1975,M,KE,59279690333,00093,WT,Air,Pleasure,2016-04-26,2016-05-06
135,135,MIA,FL,26,1990,M,AA,56523583533,00057,WT,Air,Pleasure,2016-04-21,2016-04-25
438,438,ORL,HI,51,1965,F,JQ,56363363033,00003,WT,Air,Pleasure,2016-04-18,2016-04-25
135,135,NYC,OH,27,1989,M,AA,905232285,211,WT,Air,Pleasure,2016-04-30,2016-05-09
582,582,HOU,FL,32,1984,F,AM,94447509930,00436,B2,Air,Pleasure,2016-04-24,2016-05-01
135,135,PBB,FL,45,1971,M,,17545444827,LAND,WT,Land,Pleasure,2016-04-30,2016-05-15
582,582,RNO,NV,16,2000,M,Y4,797510185,998,B2,Air,Pleasure,2016-04-13,2016-04-20
126,126,NYC,NY,58,1958,M,LH,55763776933,00400,WT,Air,Pleasure,2016-04-07,2016-04-14
111,111,FMY,NY,51,1965,M,SK,55843916433,00901,WT,Air,Pleasure,2016-04-08,2016-04-18
528,528,LOS,CA,44,1972,M,AV,93623387030,00522,B2,Air,Pleasure,2016-04-15,2016-04-25
513,513,MIA,,34,1982,F,BW,92728263030,00484,B2,Air,Pleasure,2016-04-04,2016-04-08
251,251,PHI,CA,13,2003,M,AA,93038193530,00717,B2,Air,Pleasure,2016-04-08,2016-04-24
213,213,NYC,NY,59,1957,M,EK,93946732030,00203,B2,Air,Pleasure,2016-04-19,2016-05-05
148,112,LVG,NY,32,1984,F,LH,55713449033,00410,WT,Air,Pleasure,2016-04-06,2016-04-23
582,582,LVG,NV,31,1985,M,4O,93836628530,00970,B2,Air,Pleasure,2016-04-17,2016-04-21
254,276,SFR,CA,29,1987,F,OZ,55875331533,00212,WT,Air,Pleasure,2016-04-09,2016-04-16
135,135,WAS,DC,20,1996,M,UA,55668787233,00919,WT,Air,Pleasure,2016-04-05,2016-04-08
209,209,DET,MI,54,1962,F,DL,55572156933,00564,WT,Air,Pleasure,2016-04-03,2016-05-08
135,135,SFB,FL,54,1962,M,TOM,55869287033,00046,WT,Air,Pleasure,2016-04-09,2016-04-23
213,296,ORL,FL,60,1956,M,EK,94333477430,00219,B2,Air,Pleasure,2016-04-23,2016-04-30
582,582,MIA,,37,1979,M,AA,93201576530,00123,B2,Air,Pleasure,2016-04-10,2016-04-15
585,585,MIA,FL,68,1948,M,AA,94056188530,00505,B2,Air,Pleasure,2016-04-20,2016-05-07
582,582,WAS,MI,30,1986,M,UA,93971689230,01567,B1,Air,Business,2016-04-19,2016-04-23
516,516,MIA,NC,71,1945,M,AA,93022149030,02282,B2,Air,Pleasure,2016-04-08,2016-04-22
213,213,SFR,CA,32,1984,F,VS,676522085,41,F1,Air,Student,2016-04-03,2016-05-15
245,245,SFR,CA,50,1966,F,MU,93267070530,00589,B2,Air,Pleasure,2016-04-11,2016-04-26
691,691,DAL,NV,69,1947,M,AA,93573550730,01122,B1,Air,Business,2016-04-15,2016-04-22
582,582,MIA,GA,44,1972,M,DL,93299945930,00366,B1,Air,Business,2016-04-11,2016-04-14
130,130,LOS,NV,55,1961,F,SK,59541360133,00939,WB,Air,Business,2016-04-30,2016-05-09
148,112,LOS,CA,50,1966,M,LH,55675148033,00456,WB,Air,Business,2016-04-05,2016-04-07
438,438,HHW,HI,59,1957,F,JQ,59445260533,00003,WT,Air,Pleasure,2016-04-29,2016-05-06
135,135,PHO,FL,40,1976,M,AA,55478942933,00729,WT,Air,Pleasure,2016-04-02,2016-04-09
135,135,ATL,GA,38,1978,M,BA,56279097533,00227,WB,Air,Business,2016-04-16,2016-04-21
582,582,LOS,CA,46,1970,F,AM,92500754630,00642,B2,Air,Pleasure,2016-04-01,2016-04-16
209,209,HHW,HI,52,1964,F,DL,59233461033,00598,WT,Air,Pleasure,2016-04-25,2016-04-30
245,245,SFR,CA,68,1948,M,UA,94576073230,00858,B2,Air,Pleasure,2016-04-26,2016-07-24
111,111,FTL,WA,61,1955,M,DL,94883811030,00033,B2,Air,Pleasure,2016-04-29,2016-05-05
123,123,HIG,DC,56,1960,M,,788279385,LAND,WT,Land,Pleasure,2016-04-12,2016-04-16
111,111,WAS,MD,72,1944,F,UA,55875019933,00914,WT,Air,Pleasure,2016-04-09,2016-04-15
268,268,LOS,GA,37,1979,F,DL,59139021433,00962,WT,Air,Pleasure,2016-04-23,2016-04-24
111,111,ATL,VA,48,1968,M,KL,56019308733,00621,WB,Air,Business,2016-04-11,2016-04-15
257,257,HOU,TX,46,1970,F,QR,93823720030,00713,B2,Air,Pleasure,2016-04-17,2016-05-16
694,526,MIA,OH,33,1983,F,AA,93589416330,01250,B2,Air,Pleasure,2016-04-15,2016-04-20
135,135,PHO,NE,71,1945,F,VS,59494898033,00009,WT,Air,Pleasure,2016-04-29,2016-05-22
111,111,CHM,NY,31,1985,M,,55582469333,LAND,WT,Land,Pleasure,2016-04-04,2016-04-07
689,689,MIA,FL,66,1950,M,CM,93293346830,00265,B2,Air,Pleasure,2016-04-11,2016-04-20
209,209,PSP,GU,31,1985,F,TW,56283621233,00311,WT,Air,Pleasure,2016-04-17,2016-04-19
746,158,NYC,NJ,12,2004,M,AY,94154991430,00005,B2,Air,Pleasure,2016-04-21,2016-07-04
209,209,PHO,DC,69,1947,M,DL,59184678833,00276,WT,Air,Pleasure,2016-04-24,2016-05-06
135,135,LOS,CA,69,1947,F,VS,59144982533,00007,WT,Air,Pleasure,2016-04-23,2016-05-24
111,111,CHI,NC,17,1999,F,AA,55595428233,00041,WT,Air,Pleasure,2016-04-04,2016-04-17
274,296,WAS,DC,53,1963,M,EK,93258111030,00231,B1,Air,Business,2016-04-11,2016-04-14
135,135,NEW,PA,45,1971,M,BA,817545885,185,WB,Air,Business,2016-04-18,2016-04-22
111,111,BOS,MA,41,1975,M,DL,56075906433,00125,WT,Air,Pleasure,2016-04-13,2016-04-20
520,520,MIA,AL,5,2011,F,AA,94500896530,00982,B2,Air,Pleasure,2016-04-25,2016-06-21
213,213,WAS,DC,9,2007,F,KL,93818713130,00651,B2,Air,Pleasure,2016-04-17,2016-04-30
130,130,PHO,NY,44,1972,F,DL,55475571333,00047,WT,Air,Pleasure,2016-04-02,2016-04-07
213,117,PHI,IN,52,1964,F,AA,92820813330,00719,B2,Air,Pleasure,2016-04-05,2016-05-08
111,111,CHI,IL,64,1952,F,AF,55899279433,00144,WT,Air,Pleasure,2016-04-09,2016-04-15
696,696,MIA,CA,77,1939,F,AA,94272447630,00968,B2,Air,Pleasure,2016-04-22,2016-06-16
104,104,NEW,NJ,39,1977,M,UA,56367202033,00998,WB,Air,Business,2016-04-18,2016-04-21
245,245,ORL,IL,59,1957,M,UA,92906944230,00836,B2,Air,Pleasure,2016-04-06,2016-04-19
254,116,DUB,NY,30,1986,F,EI,59507040133,00105,WT,Air,Pleasure,2016-04-30,2016-05-07
135,135,LOS,CA,50,1966,M,BA,56270736633,00283,WT,Air,Pleasure,2016-04-16,2016-05-03
691,691,HOU,NY,13,2003,F,UA,94238084530,01008,B2,Air,Pleasure,2016-04-22,2016-04-26
135,135,FMY,NY,43,1973,F,BA,55505372133,00177,WT,Air,Pleasure,2016-04-02,2016-04-07
148,112,LOS,CA,6,2010,F,LH,55448100733,00452,WT,Air,Pleasure,2016-04-01,2016-05-01
254,276,WAS,VA,17,1999,M,UA,675060085,804,F1,Air,Student,2016-04-03,2016-05-29
577,577,HOU,MD,75,1941,M,UA,94119804230,01901,B2,Air,Pleasure,2016-04-21,2016-05-18
689,689,MIA,NY,29,1987,M,AA,94194601530,00964,B2,Air,Pleasure,2016-04-22,2016-04-29
135,135,PHI,PA,40,1976,F,BA,55566079333,00067,WB,Air,Business,2016-04-03,2016-04-06
251,251,NEW,NY,21,1995,F,LY,93163964830,00027,B2,Air,Pleasure,2016-04-10,2016-05-09
209,209,NYC,NY,48,1968,F,NH,56002373233,00104,WT,Air,Pleasure,2016-04-11,2016-04-16
213,213,LOS,CA,33,1983,M,EK,94160297030,00215,B2,Air,Pleasure,2016-04-21,2016-05-08
746,158,LOS,CA,38,1978,M,SU,93829038530,00106,B2,Air,Pleasure,2016-04-17,2016-04-24
209,209,BOS,MA,27,1989,M,JL,59421331933,00008,WT,Air,Pleasure,2016-04-28,2016-05-05
516,516,MIA,,65,1951,M,BW,92644299030,00484,B2,Air,Pleasure,2016-04-03,2016-04-05
696,696,PSP,FL,39,1977,F,2D,94916658030,00406,B2,Air,Pleasure,2016-04-29,2016-05-15
135,135,NYC,NE,56,1960,F,VS,59218017033,00025,WB,Air,Business,2016-04-25,2016-04-28
213,213,HOU,TX,31,1985,M,QR,94689063430,00713,B2,Air,Pleasure,2016-04-27,2016-04-28
576,576,WAS,VA,87,1929,M,AV,94708909230,00580,B2,Air,Pleasure,2016-04-27,2016-05-24
582,582,OAK,CA,36,1980,M,Y4,92768264530,00990,B2,Air,Pleasure,2016-04-04,2016-04-08
111,111,SDP,CA,49,1967,M,Y4,56347073933,00956,WB,Air,Business,2016-04-17,2016-06-01
148,112,CHI,TN,52,1964,M,LH,55805200033,00430,WB,Air,Business,2016-04-08,2016-04-16
694,694,MIA,FL,69,1947,M,LA,93205504430,02510,B2,Air,Pleasure,2016-04-10,2016-05-26
207,207,NYC,NY,50,1966,F,EK,59431113633,00207,WT,Air,Pleasure,2016-04-28,2016-05-04
129,129,MIA,,44,1972,M,AA,56205409433,00069,WB,Air,Business,2016-04-15,2016-04-17
687,687,MIA,FL,1,2015,M,AR,93323727930,01302,B2,Air,Pleasure,2016-04-12,2016-04-21
123,123,MIA,FL,22,1994,F,AA,55912874533,00910,WT,Air,Pleasure,2016-04-10,2016-04-14
245,245,BLA,,38,1978,F,,90017891430,LAND,B2,Land,Pleasure,2016-04-02,2016-04-04
245,245,DAL,LA,28,1988,M,UA,93593438730,00008,B2,Air,Pleasure,2016-04-15,2016-04-28
245,245,SAI,,28,1988,F,3U,41639881433,08645,CP,Air,Pleasure,2016-04-09,2016-04-11
746,158,WAS,DC,54,1962,M,AF,92977558830,00054,B1,Air,Business,2016-04-07,2016-04-10
689,689,PHO,FL,35,1981,F,AD,93931378930,08704,B2,Air,Pleasure,2016-04-19,2016-04-25
582,582,DET,MI,28,1988,M,CP,93135058630,05776,B1,Air,Business,2016-04-09,2016-04-16
692,692,CHI,IL,80,1936,F,AM,94817007130,00682,B2,Air,Pleasure,2016-04-29,2016-05-07
438,438,SFR,CA,17,1999,M,QF,55751892233,00073,WT,Air,Pleasure,2016-04-07,2016-04-24
131,131,NYC,TX,21,1995,M,AA,55598084833,00065,WT,Air,Pleasure,2016-04-04,2016-04-18
689,689,BOS,FL,37,1979,F,JJ,93442531530,08086,B2,Air,Pleasure,2016-04-13,2016-04-23
133,264,MIA,FL,38,1978,M,TK,93836369030,00077,B2,Air,Pleasure,2016-04-17,2016-04-23
209,209,HHW,HI,32,1984,F,JL,59234646233,00786,WT,Air,Pleasure,2016-04-25,2016-04-29
111,111,NYC,NY,18,1998,M,KL,55896662333,00643,WT,Air,Pleasure,2016-04-09,2016-04-14
689,689,FTL,FL,74,1942,M,AD,94952246730,08704,B2,Air,Pleasure,2016-04-30,2016-05-07
273,273,SPM,MN,35,1981,M,DL,93808239330,00616,B1,Air,Business,2016-04-17,2016-04-23
254,276,BOS,TX,43,1973,M,AA,55629162533,00280,WT,Air,Pleasure,2016-04-04,2016-04-14
117,117,NEW,NJ,48,1968,M,LH,55667149133,00402,WB,Air,Business,2016-04-05,2016-04-09
123,123,ATL,FL,40,1976,M,DL,59559534033,00075,WT,Air,Pleasure,2016-04-30,2016-05-10
575,575,FTL,FL,74,1942,F,B6,92599634530,00038,B2,Air,Pleasure,2016-04-02,2016-04-13
260,207,NYC,NY,19,1997,M,QR,92551642430,00703,B2,Air,Pleasure,2016-04-02,2016-04-16
245,245,SAI,,29,1987,M,7C,49260591533,03404,CP,Air,Pleasure,2016-04-02,2016-04-07
135,135,NYC,NY,64,1952,F,BA,56433360633,00177,WT,Air,Pleasure,2016-04-19,2016-05-03
135,135,SFR,CA,24,1992,F,BA,55841759533,00287,WT,Air,Pleasure,2016-04-08,2016-04-21
245,206,LOS,CA,66,1950,M,CX,92810146030,00884,B1,Air,Business,2016-04-05,2016-04-14
582,582,DEN,,11,2005,F,VES,94416391830,93300,B2,Sea,Pleasure,2016-04-24,2016-09-18
129,129,NAS,FL,38,1978,F,YX,94653032030,04335,B2,Air,Pleasure,2016-04-27,2016-05-19
204,204,DEN,TX,28,1988,M,AA,93825665130,00138,B1,Air,Business,2016-04-17,2016-05-07
689,689,MIA,CA,42,1974,F,AA,92926898230,00230,B2,Air,Pleasure,2016-04-07,2016-04-17
585,585,CHI,NY,44,1972,F,B6,94827964030,00836,B2,Air,Pleasure,2016-04-29,2016-05-02
691,691,NYC,NY,26,1990,F,CM,93506635930,00830,B2,Air,Pleasure,2016-04-14,2016-04-18
577,577,ATL,GA,85,1931,M,DL,93143927330,00906,B2,Air,Pleasure,2016-04-09,2016-04-23
582,582,OGG,,16,2000,M,AM,94900912430,00642,B2,Air,Pleasure,2016-04-29,2016-05-04
111,111,NYC,NY,36,1980,M,BA,56462929533,00175,WT,Air,Pleasure,2016-04-20,2016-04-28
116,116,NYC,NY,26,1990,F,AA,59330275733,00211,WT,Air,Pleasure,2016-04-27,2016-05-03
135,135,ORL,FL,25,1991,F,VS,56259865933,00027,WT,Air,Pleasure,2016-04-16,2016-04-30
209,209,ATL,HI,73,1943,F,DL,55711385733,00278,WT,Air,Pleasure,2016-04-06,2016-04-11
718,243,OGG,VA,71,1945,F,NH,92947713030,00002,B2,Air,Pleasure,2016-04-07,2016-04-24
111,111,NEW,NY,58,1958,M,DL,56092425733,00021,WT,Air,Pleasure,2016-04-13,2016-04-20
126,126,LOS,CA,71,1945,F,AA,55744924733,00216,WT,Air,Pleasure,2016-04-07,2016-04-18
260,260,LOS,AZ,35,1981,M,PR,92845848430,00102,B1,Air,Business,2016-04-05,2016-04-27
111,111,NYC,FL,47,1969,M,AA,55558618633,00063,WT,Air,Pleasure,2016-04-03,2016-04-11
148,112,PHI,CO,59,1957,M,AA,56422616333,00701,WT,Air,Pleasure,2016-04-19,2016-04-29
135,135,ORL,FL,15,2001,F,LH,55510760333,00464,WT,Air,Pleasure,2016-04-02,2016-04-16
438,438,HHW,HI,74,1942,M,JQ,59446060833,00001,WT,Air,Pleasure,2016-04-29,2016-05-05
438,438,SFR,CA,54,1962,F,NZ,59082045033,00008,WT,Air,Pleasure,2016-04-22,2016-04-29
135,135,FMY,NY,45,1971,F,VS,92607990930,00025,B2,Air,Pleasure,2016-04-02,2016-04-03
108,251,PHO,NY,60,1956,F,AZ,55803487833,00602,WT,Air,Pleasure,2016-04-08,2016-04-24
689,689,MIA,FL,32,1984,M,AA,93469478830,00930,B2,Air,Pleasure,2016-04-14,2016-04-28
261,261,BLA,,21,1995,M,,84429099430,00041,F1,Land,Student,2016-04-24,2016-05-07
261,261,MIA,FL,28,1988,M,SV,94972499530,00021,B2,Air,Pleasure,2016-04-30,2016-05-23
209,209,HHW,HI,35,1981,M,JL,59248572233,00782,WT,Air,Pleasure,2016-04-25,2016-04-29
148,112,LOS,NY,75,1941,F,LH,56066938733,00410,WT,Air,Pleasure,2016-04-12,2016-04-20
438,438,LOS,FL,13,2003,F,VA,55852222333,00001,WT,Air,Pleasure,2016-04-09,2016-04-24
582,582,PHO,CA,56,1960,M,Y4,94923523930,00992,B2,Air,Pleasure,2016-04-30,2016-05-07
209,209,HHW,HI,10,2006,F,JL,55436917333,00794,WT,Air,Pleasure,2016-04-01,2016-04-05
133,264,NYC,NY,76,1940,F,TK,93982372030,00001,B2,Air,Pleasure,2016-04-19,2016-04-29
438,438,CHI,MO,72,1944,F,QF,55993379933,00007,WT,Air,Pleasure,2016-04-11,2016-05-18
586,586,NEW,NJ,36,1980,F,UA,94264673330,01484,B2,Air,Pleasure,2016-04-22,2016-05-28
528,528,MIA,NJ,19,1997,F,AA,93229008730,01504,B2,Air,Pleasure,2016-04-10,2016-08-27
254,276,LOS,SC,9,2007,M,OZ,56445162733,00204,WT,Air,Pleasure,2016-04-19,2016-05-02
260,260,FTL,GU,57,1959,M,5J,93446569430,00101,B2,Air,Pleasure,2016-04-13,2016-04-16
687,687,LOS,CA,33,1983,M,LA,92997351430,02604,B2,Air,Pleasure,2016-04-07,2016-04-23
582,582,ATL,CA,32,1984,M,DL,92461167430,00331,B2,Air,Pleasure,2016-04-01,2016-09-06
746,158,NYC,NH,74,1942,F,SU,94609200730,00102,B2,Air,Pleasure,2016-04-26,2016-07-17
438,438,LOS,NV,34,1982,M,FJ,689509485,810,WT,Air,Pleasure,2016-04-06,2016-05-09
135,135,NYC,NY,34,1982,F,BA,55663898733,00173,WT,Air,Pleasure,2016-04-05,2016-04-10
135,135,LVG,NV,4,2012,M,VS,56094046333,00043,WT,Air,Pleasure,2016-04-13,2016-04-27
123,123,NYC,NY,45,1971,F,KL,56146871033,00641,WT,Air,Pleasure,2016-04-14,2016-04-17
582,582,LVG,CA,28,1988,F,4O,92487459230,00970,B2,Air,Pleasure,2016-04-01,2016-04-11
135,135,NYC,NY,35,1981,F,DY,56293585433,07015,WT,Air,Pleasure,2016-04-16,2016-05-13
123,123,POO,WA,48,1968,M,DL,55925649133,00179,WB,Air,Business,2016-04-10,2016-04-15
129,129,CHI,IL,53,1963,F,IB,55876511233,06275,WT,Air,Pleasure,2016-04-09,2016-04-14
687,687,SFR,FL,46,1970,F,YX,93966755830,04429,B2,Air,Pleasure,2016-04-19,2016-04-22
373,373,MIA,,62,1954,F,KX,94334824030,00102,B2,Air,Pleasure,2016-04-23,2016-04-24
135,135,WAS,DC,68,1948,F,BA,56466073733,00217,WT,Air,Pleasure,2016-04-20,2016-05-03
689,689,PHI,FL,46,1970,M,JJ,93304895930,08092,B2,Air,Pleasure,2016-04-11,2016-04-17
135,135,NYC,NY,36,1980,M,AA,56509627233,00279,WT,Air,Pleasure,2016-04-21,2016-04-24
129,129,NEW,NY,38,1978,M,LX,813875485,18,WB,Air,Business,2016-04-17,2016-04-21
582,582,ATL,FL,15,2001,M,DL,94978938130,00310,B2,Air,Pleasure,2016-04-30,2016-05-08
576,576,HOU,TX,53,1963,M,UA,92948297930,01467,B2,Air,Pleasure,2016-04-07,2016-04-11
108,108,DET,FL,1,2015,M,DL,55972037033,00133,WT,Air,Pleasure,2016-04-11,2016-06-21
115,115,ORL,FL,31,1985,M,FI,55690665333,00689,WT,Air,Pleasure,2016-04-05,2016-04-22
116,116,PSP,NE,40,1976,M,VS,59471430433,00043,WT,Air,Pleasure,2016-04-29,2016-05-04
123,123,NEW,NY,49,1967,F,LH,59193704233,00408,WT,Air,Pleasure,2016-04-24,2016-04-29
123,123,NYC,NY,44,1972,F,DL,59330428833,00049,WT,Air,Pleasure,2016-04-27,2016-04-30
129,129,LVG,NY,22,1994,F,UX,59500449333,00091,WT,Air,Pleasure,2016-04-29,2016-05-15
209,209,AGA,GU,38,1978,M,DL,55465486133,00608,WT,Air,Pleasure,2016-04-02,2016-04-04
130,130,NEW,NY,53,1963,F,SK,59520266833,00907,WT,Air,Pleasure,2016-04-30,2016-05-06
299,299,NYC,MD,61,1955,F,KE,92643176130,00093,B1,Air,Business,2016-04-03,2016-04-12
135,135,NEW,NY,39,1977,M,BA,56107237133,00189,WT,Air,Pleasure,2016-04-13,2016-04-18
111,689,NYC,NY,33,1983,M,DL,94099968530,00472,B2,Air,Pleasure,2016-04-21,2016-04-24
111,111,NYC,NY,67,1949,F,AF,59388253033,00012,WB,Air,Business,2016-04-28,2016-05-04
254,276,NYC,NY,58,1958,M,OZ,59382378033,00222,WT,Air,Pleasure,2016-04-28,2016-05-13
209,209,HHW,HI,23,1993,F,DL,55598724633,00578,WT,Air,Pleasure,2016-04-04,2016-04-07
689,689,ATL,CA,53,1963,F,DL,93670397430,00104,B2,Air,Pleasure,2016-04-16,2016-05-01
131,131,MIA,FL,52,1964,M,AA,56540091833,01501,WT,Air,Pleasure,2016-04-21,2016-04-24
251,251,ATL,GA,44,1972,M,DL,92731595030,00083,B2,Air,Pleasure,2016-04-04,2016-04-10
245,245,SRQ,GU,29,1987,F,3U,41698964233,08647,CP,Air,Pleasure,2016-04-25,2016-04-29
694,694,ATL,GA,55,1961,M,DL,92444213730,00150,B2,Air,Pleasure,2016-04-01,2016-04-11
207,207,SEA,WA,77,1939,M,BR,59501614433,00026,WT,Air,Pleasure,2016-04-29,2016-05-06
528,528,MIA,FL,27,1989,F,AA,93637211330,00956,B2,Air,Pleasure,2016-04-15,2016-04-24
268,268,MIA,CA,52,1964,F,CI,56231366733,00008,WT,Air,Pleasure,2016-04-16,2016-05-15
245,245,DET,GA,59,1957,M,DL,92567520030,00582,B2,Air,Pleasure,2016-04-02,2016-04-11
104,104,PHO,NC,43,1973,M,LH,55671475933,00428,WB,Air,Business,2016-04-05,2016-04-07
689,689,MIA,FL,21,1995,F,JJ,93738892630,08094,B2,Air,Pleasure,2016-04-16,2016-04-24
464,464,HHW,HI,45,1971,F,NZ,56249381033,00010,WT,Air,Pleasure,2016-04-16,2016-04-22
111,111,CHI,NY,21,1995,F,DL,56241786433,00047,WT,Air,Pleasure,2016-04-16,2016-04-25
104,104,CHI,IL,6,2010,F,IB,55881742733,06275,WT,Air,Pleasure,2016-04-09,2016-04-20
689,689,MIA,FL,42,1974,F,AA,93159473030,00930,B2,Air,Pleasure,2016-04-10,2016-04-17
245,245,HOU,TX,57,1959,M,CA,92490394430,00995,B1,Air,Business,2016-04-01,2016-04-16
135,135,NYC,,51,1965,M,VS,56116778833,00023,WT,Air,Pleasure,2016-04-13,2016-04-21
130,130,NYC,TN,50,1966,F,AA,56368182933,00101,WT,Air,Pleasure,2016-04-18,2016-05-04
582,582,MIA,MI,30,1986,F,AM,94863257630,00412,B2,Air,Pleasure,2016-04-29,2016-05-02
111,111,SFR,CA,50,1966,M,AF,56273771733,00084,WB,Air,Business,2016-04-16,2016-04-22
687,687,HOU,NY,14,2002,M,UA,94939421630,00818,B2,Air,Pleasure,2016-04-30,2016-05-10
209,209,HHW,HI,40,1976,F,JL,55433102133,00782,WT,Air,Pleasure,2016-04-01,2016-04-06
582,582,LVG,LA,31,1985,F,Y4,93717949530,00966,B2,Air,Pleasure,2016-04-16,2016-04-22
245,245,AGA,GU,42,1974,M,UA,92660874230,00156,B2,Air,Pleasure,2016-04-03,2016-04-07
209,209,SAI,MP,46,1970,M,OZ,59383902533,01087,WT,Air,Pleasure,2016-04-28,2016-05-02
690,690,CHI,NY,55,1961,F,UA,56335127933,00850,WT,Air,Pleasure,2016-04-17,2016-04-20
687,687,NYC,FL,8,2008,F,AR,94836481830,01302,B2,Air,Pleasure,2016-04-29,2016-05-14
464,464,CHI,CA,64,1952,M,NZ,55426253833,00008,WT,Air,Pleasure,2016-04-01,2016-04-18
112,112,TAM,ME,23,1993,F,,17527967627,LAND,WT,Land,Pleasure,2016-04-29,2016-05-02
108,108,LOS,LA,21,1995,M,DY,56495982733,07091,WT,Air,Pleasure,2016-04-20,2016-05-18
213,213,LOS,VA,61,1955,F,EY,94553209830,00131,B2,Air,Pleasure,2016-04-26,2016-08-11
135,135,ORL,UN,30,1986,F,VS,59119796133,00071,WT,Air,Pleasure,2016-04-23,2016-05-07
111,111,NYC,NY,56,1960,M,SE,55964085033,00070,WT,Air,Pleasure,2016-04-10,2016-04-18
123,123,MIA,FL,37,1979,F,BA,59093665733,00209,WT,Air,Pleasure,2016-04-22,2016-05-08
148,112,CHI,IL,32,1984,M,AB,56569023633,07420,WB,Air,Business,2016-04-22,2016-05-02
209,209,HHW,HI,26,1990,M,HA,56013293533,00458,WT,Air,Pleasure,2016-04-11,2016-04-15
111,111,SFR,CA,45,1971,M,AF,55560338233,00084,WB,Air,Business,2016-04-03,2016-04-07
117,575,FTL,NY,35,1981,F,B6,55892320033,00038,WT,Air,Pleasure,2016-04-09,2016-04-13
130,130,OAK,CA,54,1962,F,DY,56215309433,07067,WT,Air,Pleasure,2016-04-15,2016-04-22
111,111,NYC,NY,30,1986,F,AF,56188304433,00012,WT,Air,Pleasure,2016-04-15,2016-04-21
582,582,WPB,,31,1985,F,UA,93136584930,00887,B2,Air,Pleasure,2016-04-09,2016-04-10
135,135,NYC,NY,28,1988,M,KL,55789321633,00643,WT,Air,Pleasure,2016-04-07,2016-04-11
438,438,TOR,NY,46,1970,F,AA,55589687133,04104,WT,Air,Pleasure,2016-04-04,2016-04-09
343,343,HOU,GA,38,1978,M,UA,94482224030,00143,B2,Air,Pleasure,2016-04-25,2016-05-09
582,582,MIA,NV,49,1967,F,Y4,94981779930,00966,B2,Air,Pleasure,2016-04-30,2016-05-14
688,688,MIA,MA,18,1998,F,AA,92970500430,00922,B2,Air,Pleasure,2016-04-07,2016-04-11
245,575,LOS,,53,1963,F,DL,94532029230,01396,B2,Air,Pleasure,2016-04-25,2016-04-26
209,209,HHW,HI,20,1996,M,HA,59542466633,00450,WT,Air,Pleasure,2016-04-30,2016-05-07
696,696,SFR,TX,44,1972,M,UA,92959397830,01045,B2,Air,Pleasure,2016-04-07,2016-04-11
123,123,DET,FL,19,1997,F,DL,59194103033,00137,WT,Air,Pleasure,2016-04-24,2016-05-06
141,141,NEW,NJ,29,1987,F,DL,856615085,21,WT,Air,Pleasure,2016-04-21,2016-04-24
245,206,VCV,CA,60,1956,F,RV,93221901830,01884,B2,Air,Pleasure,2016-04-25,2016-05-10
254,276,HHW,HI,33,1983,F,LJ,56539088033,00601,WT,Air,Pleasure,2016-04-21,2016-04-27
350,350,TAM,VA,39,1977,F,TK,94172002030,00007,B2,Air,Pleasure,2016-04-21,2016-07-12
131,131,NYC,NY,35,1981,F,LX,59389988233,00016,WT,Air,Pleasure,2016-04-28,2016-05-01
691,691,ATL,NY,44,1972,M,DL,94980252730,00982,B2,Air,Pleasure,2016-04-30,2016-05-08
691,691,MIA,FL,40,1976,F,AA,93835121530,00916,B2,Air,Pleasure,2016-04-17,2016-04-18
577,577,ATL,FL,49,1967,F,AA,94264707230,02247,B2,Air,Pleasure,2016-04-22,2016-04-29
245,245,LOS,CA,61,1955,F,MU,93798105630,00583,B2,Air,Pleasure,2016-04-17,2016-06-29
135,135,LOS,CA,37,1979,F,BA,55612783533,00283,WT,Air,Pleasure,2016-04-04,2016-04-12
689,689,DAL,CA,25,1991,M,AA,93388905630,00962,B1,Air,Business,2016-04-13,2016-04-26
209,209,HHW,HI,2,2014,F,NH,55679408733,00186,WT,Air,Pleasure,2016-04-05,2016-04-09
692,692,NYC,NJ,53,1963,M,AV,673212085,20,B2,Air,Pleasure,2016-04-03,2016-09-04
209,209,HHW,HI,30,1986,F,HA,56398325633,00458,WT,Air,Pleasure,2016-04-18,2016-04-21
576,576,LOS,CA,48,1968,M,AV,93556997530,00520,B1,Air,Business,2016-04-15,2016-04-29
148,112,CHI,IL,60,1956,F,LH,59389703133,00430,WT,Air,Pleasure,2016-04-28,2016-05-13
116,116,SEA,NY,57,1959,F,EI,56454203833,00111,WT,Air,Pleasure,2016-04-20,2016-04-24
103,103,CHI,NV,34,1982,M,LH,59501691433,00432,WB,Air,Business,2016-04-29,2016-05-09
438,438,HHW,,70,1946,M,,86789871928,,WT,Sea,Pleasure,2016-04-23,
438,438,HHW,HI,24,1992,M,JQ,55721010733,00001,WT,Air,Pleasure,2016-04-06,2016-04-15
438,438,HOU,LA,46,1970,M,UA,59432288833,01033,WT,Air,Pleasure,2016-04-28,2016-05-03
213,213,PHO,NY,59,1957,F,AI,93677044130,00101,B1,Air,Business,2016-04-16,2016-04-21
148,112,PHI,FL,78,1938,M,AA,59539633133,00717,WT,Air,Pleasure,2016-04-30,2016-05-11
111,111,NYC,NY,14,2002,F,AA,56129330733,00045,WT,Air,Pleasure,2016-04-14,2016-04-22
148,112,NYC,NY,4,2012,M,LH,59402400933,00410,WT,Air,Pleasure,2016-04-28,2016-05-08
464,438,LOS,CA,47,1969,M,DL,59108613833,00040,WB,Air,Business,2016-04-23,2016-05-01
107,107,NYC,NJ,55,1961,F,LO,92765827030,00026,B2,Air,Pleasure,2016-04-04,2016-04-16
245,245,ATL,NV,56,1960,F,DL,92874494230,00588,B2,Air,Pleasure,2016-04-06,2016-08-13
103,135,MIA,FL,9,2007,F,AA,55710564333,00057,WT,Air,Pleasure,2016-04-06,2016-04-07
123,123,SFB,FL,30,1986,M,TB,59282654933,00217,WT,Air,Pleasure,2016-04-26,2016-04-30
692,692,LOS,CA,31,1985,F,KE,94800257930,00011,B2,Air,Pleasure,2016-04-28,2016-05-01
213,213,NYC,OR,66,1950,M,EK,94768460530,00201,B2,Air,Pleasure,2016-04-28,2016-06-06
123,123,TAM,FL,47,1969,F,LH,59150671333,00482,WT,Air,Pleasure,2016-04-23,2016-05-05
438,438,SFR,IL,62,1954,M,QF,55655650533,00073,WT,Air,Pleasure,2016-04-05,2016-04-18
135,135,DUB,NY,19,1997,F,EI,55693515233,00105,WT,Air,Pleasure,2016-04-06,2016-04-09
245,245,POO,NC,51,1965,M,CA,92949645330,00819,B2,Air,Pleasure,2016-04-07,2016-04-18
124,124,LOS,CA,20,1996,M,DY,56109610433,07083,WT,Air,Pleasure,2016-04-13,2016-05-24
111,111,MIA,FL,44,1972,M,AF,56541380633,00090,WT,Air,Pleasure,2016-04-21,2016-04-29
114,114,NYC,NY,38,1978,F,DL,55754852133,00405,WT,Air,Pleasure,2016-04-07,2016-04-11
135,135,FMY,FL,48,1968,M,BA,92578375130,02037,B1,Air,Business,2016-04-02,2016-04-03
464,464,LOS,,34,1982,F,NZ,56230540833,00001,WT,Air,Pleasure,2016-04-15,2016-04-16
582,582,HOU,PA,32,1984,M,UA,94743879130,04429,B2,Air,Pleasure,2016-04-28,2016-05-07
111,111,CHI,IL,36,1980,F,AA,56248407533,00041,WT,Air,Pleasure,2016-04-16,2016-04-24
129,129,NEW,NY,55,1961,F,TP,740048085,203,WT,Air,Pleasure,2016-04-08,2016-04-14
696,696,LLB,TX,30,1986,M,,750343085,LAND,B2,Land,Pleasure,2016-04-09,2016-07-03
123,123,SEA,CA,45,1971,M,DL,55421541133,00143,WT,Air,Pleasure,2016-04-01,2016-04-04
582,582,HOU,CO,29,1987,M,WN,92835588130,02831,B2,Air,Pleasure,2016-04-05,2016-07-25
687,687,LOS,FL,9,2007,M,LA,94727565230,00502,B2,Air,Pleasure,2016-04-28,2016-05-11
254,276,SFR,CA,60,1956,F,KE,56064397733,00017,WT,Air,Pleasure,2016-04-12,2016-04-19
148,112,FMY,FL,37,1979,M,AB,59534452133,07008,WT,Air,Pleasure,2016-04-30,2016-05-26
107,107,CHI,IL,57,1959,M,KL,93728024630,00611,B2,Air,Pleasure,2016-04-16,2016-04-22
123,123,SPM,FL,52,1964,M,DL,56129553433,00161,WT,Air,Pleasure,2016-04-14,2016-04-18
130,130,NYC,NY,56,1960,F,DY,55963602933,07011,WT,Air,Pleasure,2016-04-10,2016-04-16
108,108,FTL,FL,28,1988,F,DY,56348296733,07041,WT,Air,Pleasure,2016-04-17,2016-04-24
123,123,NYC,NY,41,1975,F,SN,59532288933,00501,WT,Air,Pleasure,2016-04-30,2016-05-05
245,438,LOS,CA,49,1967,M,QF,93137645430,00017,B2,Air,Pleasure,2016-04-09,2016-04-23
582,582,LVG,AZ,51,1965,M,AA,92678404630,01686,B2,Air,Pleasure,2016-04-03,2016-07-10
694,694,ATL,MN,71,1945,F,DL,94017620730,00150,B2,Air,Pleasure,2016-04-20,2016-08-31
692,692,TAM,NY,1,2015,M,EQ,92539917330,00550,B2,Air,Pleasure,2016-04-02,2016-04-11
135,135,NYC,NY,12,2004,M,BA,55441703233,00177,WT,Air,Pleasure,2016-04-01,2016-04-08
111,111,NYC,NY,31,1985,F,BA,56526347233,08005,WT,Air,Pleasure,2016-04-21,2016-04-30
133,264,BOS,NY,42,1974,M,DL,93338855630,00027,B1,Air,Business,2016-04-12,2016-04-16
332,332,ORL,FL,9,2007,F,LH,93985654730,00464,B2,Air,Pleasure,2016-04-19,2016-04-30
135,135,NYC,FL,53,1963,F,AA,55417662833,00279,WT,Air,Pleasure,2016-04-01,2016-04-15
245,245,PHO,CA,42,1974,M,DL,92993709530,00186,B1,Air,Business,2016-04-07,2016-04-25
261,261,DET,AR,29,1987,M,AA,92472373730,00051,B2,Air,Pleasure,2016-04-01,2016-04-16
438,438,ORL,NY,34,1982,F,QF,56357999633,00011,WT,Air,Pleasure,2016-04-18,2016-05-02
251,251,NYC,NY,74,1942,F,CM,92848386730,00808,B2,Air,Pleasure,2016-04-06,2016-04-24
438,438,SFR,CA,62,1954,F,CX,55785048033,00892,WT,Air,Pleasure,2016-04-07,2016-04-17
577,577,HOU,TX,44,1972,M,AV,93884557330,00368,B1,Air,Business,2016-04-18,2016-06-14
245,206,MIA,CA,42,1974,F,WS,93712188230,01754,B2,Air,Pleasure,2016-04-16,2016-04-25
438,438,HHW,HI,52,1964,M,HA,59489817933,00452,WT,Air,Pleasure,2016-04-29,2016-05-08
245,245,DAL,TX,43,1973,M,AA,93441170230,00262,B1,Air,Business,2016-04-13,2016-04-18
135,135,MIA,,64,1952,F,AA,754932985,1182,WT,Air,Pleasure,2016-04-09,2016-04-12
213,213,CHI,GA,64,1952,M,QR,94990217830,00725,B2,Air,Pleasure,2016-04-30,2016-06-08
116,116,DUB,NY,28,1988,F,EI,59506733033,00105,WT,Air,Pleasure,2016-04-30,2016-05-03
148,112,ATL,AL,53,1963,M,DL,59296675233,00015,WB,Air,Business,2016-04-26,2016-05-01
245,245,PHO,IL,35,1981,F,HU,93528428730,00497,B2,Air,Pleasure,2016-04-14,2016-04-23
268,268,SFR,CA,34,1982,F,BR,55739854633,00028,WT,Air,Pleasure,2016-04-07,2016-04-13
268,268,SFR,CA,42,1974,F,BR,59502011333,00028,WB,Air,Business,2016-04-29,2016-05-07
123,123,TOR,CA,41,1975,M,9E,55807415733,03848,WB,Air,Business,2016-04-08,2016-04-14
343,343,HOU,TX,44,1972,M,EK,94785876230,00211,B2,Air,Pleasure,2016-04-28,2016-05-18
123,123,NYC,NY,47,1969,F,DL,56143751733,00049,WT,Air,Pleasure,2016-04-14,2016-04-24
254,276,HHW,HI,31,1985,F,KE,59250985933,00053,WT,Air,Pleasure,2016-04-25,2016-04-29
299,299,SFR,,48,1968,M,UA,92724327830,00889,B2,Air,Pleasure,2016-04-04,2016-04-25
343,343,NYC,NC,47,1969,M,W3,94957132530,00107,B2,Air,Pleasure,2016-04-30,2016-05-21
689,689,NYC,NY,45,1971,M,AA,94558964630,00974,B2,Air,Pleasure,2016-04-26,2016-04-27
245,245,NEW,TX,41,1975,M,CA,94449394530,00995,B1,Air,Business,2016-04-24,2016-04-29
689,689,MIA,FL,50,1966,M,AA,93562352730,00214,B2,Air,Pleasure,2016-04-15,2016-04-20
438,438,HHW,HI,21,1995,M,HA,55507460333,00452,WT,Air,Pleasure,2016-04-02,2016-04-16
687,687,MIA,FL,62,1954,M,AR,93136087030,01304,B2,Air,Pleasure,2016-04-09,2016-04-23
135,135,NYC,NY,40,1976,M,AA,56451281433,00141,WB,Air,Business,2016-04-19,2016-04-20
582,582,LOS,CA,40,1976,M,CP,87582498830,05746,B2,Air,Pleasure,2016-04-16,2016-05-11
251,251,WAS,MD,29,1987,M,OS,92809172630,00093,B2,Air,Pleasure,2016-04-05,2016-04-18
148,112,NYC,NY,43,1973,M,LH,94352639430,00410,E2,Air,Business,2016-04-23,2016-05-11
245,245,NYC,CA,21,1995,F,CX,904654885,888,F1,Air,Student,2016-04-30,2016-06-14
696,696,NCA,FL,59,1957,M,ARU,817204885,821,B2,Air,Pleasure,2016-04-18,2016-04-25
116,116,DUB,NY,49,1967,F,EI,55527210933,00105,WT,Air,Pleasure,2016-04-03,2016-04-30
340,340,OGG,PA,14,2002,M,BA,93625638430,00067,B2,Air,Pleasure,2016-04-15,2016-04-25
111,111,WPB,NV,6,2010,M,BA,55580894533,00275,WT,Air,Pleasure,2016-04-03,2016-04-16
582,582,MIA,FL,37,1979,M,AM,93607079630,00420,B2,Air,Pleasure,2016-04-15,2016-04-21
696,696,MIA,FL,63,1953,F,S3,93744993030,01525,B2,Air,Pleasure,2016-04-16,2016-07-08
209,209,HHW,HI,65,1951,M,KE,59537433133,00001,WT,Air,Pleasure,2016-04-30,2016-05-07
135,526,KOA,OH,17,1999,F,AA,92896610730,00848,B2,Air,Pleasure,2016-04-06,2016-04-12
438,438,HHW,,74,1942,M,,2984311027,,WT,Sea,Pleasure,2016-04-23,
131,131,NYC,RI,30,1986,M,LX,59451221633,00016,WT,Air,Pleasure,2016-04-29,2016-05-07
130,130,LOS,CA,34,1982,M,SK,55825048733,00939,WT,Air,Pleasure,2016-04-08,2016-04-18
691,691,LOS,,26,1990,M,CM,818682485,360,B2,Air,Pleasure,2016-04-18,2016-04-19
130,130,SFR,CA,40,1976,M,SK,59258965433,00935,WB,Air,Business,2016-04-25,2016-04-30
586,586,MIA,FL,41,1975,M,7I,93884681030,00904,B1,Air,Business,2016-04-18,2016-06-20
582,582,NYC,TX,49,1967,M,AM,94802741030,00418,B2,Air,Pleasure,2016-04-28,2016-05-01
689,689,ORL,FL,33,1983,M,JJ,94907635230,08094,B2,Air,Pleasure,2016-04-29,2016-05-09
734,120,NYC,NY,54,1962,M,AY,93729011930,00005,B2,Air,Pleasure,2016-04-16,2016-04-24
148,112,MIA,FL,23,1993,M,LH,56270468033,00460,WT,Air,Pleasure,2016-04-16,2016-05-06
117,117,PHO,WA,65,1951,M,LH,59465207133,00490,WT,Air,Pleasure,2016-04-29,2016-05-03
438,438,SUM,CA,26,1990,M,,56221575833,LAND,WT,Land,Pleasure,2016-04-15,2016-04-28
115,124,ATL,FL,64,1952,M,KL,56018593733,00621,WT,Air,Pleasure,2016-04-11,2016-04-18
245,206,SEA,WA,20,1996,F,DL,92724278230,00016,F1,Air,Student,2016-04-04,2016-08-08
130,130,NEW,NY,51,1965,F,SK,56429280533,00903,WT,Air,Pleasure,2016-04-19,2016-04-25
260,260,FTL,CA,73,1943,F,PR,93549541330,00104,B2,Air,Pleasure,2016-04-14,2016-07-28
148,112,NYC,NY,54,1962,F,SQ,55591887133,00026,WT,Air,Pleasure,2016-04-04,2016-04-08
245,245,STR,CA,36,1980,M,,88332864730,00583,B1,Land,Business,2016-04-03,2016-04-10
209,209,ORL,TN,36,1980,M,JL,93486634130,00012,E2,Air,Business,2016-04-14,2016-06-21
135,135,LOS,CA,68,1948,M,NZ,55792305333,00001,WT,Air,Pleasure,2016-04-07,2016-04-14
123,123,TOR,OH,43,1973,M,ZX,59246486933,07365,WT,Air,Pleasure,2016-04-25,2016-05-06
111,111,MIA,FL,15,2001,M,AF,55836051433,00090,WT,Air,Pleasure,2016-04-08,2016-04-20
108,108,MIA,,70,1946,F,VES,59277156733,91894,WT,Sea,Pleasure,2016-04-26,2016-04-29
209,209,AGA,GU,56,1960,F,JL,56453242133,00941,WT,Air,Pleasure,2016-04-20,2016-04-25
129,687,DAL,CA,49,1967,M,AA,55694900333,00940,WT,Air,Pleasure,2016-04-06,2016-04-20
245,245,PHI,PA,32,1984,M,AA,95009853730,00288,B2,Air,Pleasure,2016-04-30,2016-05-07
464,464,HOU,FL,53,1963,F,NZ,56307990933,00028,WT,Air,Pleasure,2016-04-17,2016-04-29
696,696,FTL,FL,34,1982,F,2D,93371283630,00406,B2,Air,Pleasure,2016-04-12,2016-05-27
577,577,HOU,PA,48,1968,F,UA,93018633730,01901,B2,Air,Pleasure,2016-04-08,2016-04-11
148,112,FTL,VA,43,1973,M,LH,56291247033,00414,WB,Air,Business,2016-04-16,2016-04-20
263,263,NYC,NY,39,1977,F,KE,94854709730,00081,B2,Air,Pleasure,2016-04-29,2016-05-05
438,438,SFR,CA,68,1948,M,QF,59474643333,00073,WT,Air,Pleasure,2016-04-29,2016-05-19
438,438,HHW,HI,56,1960,F,HA,55506218233,00444,WT,Air,Pleasure,2016-04-02,2016-04-09
245,245,SFR,CA,60,1956,M,MU,93032766930,00589,B2,Air,Pleasure,2016-04-08,2016-04-22
135,509,HAM,MA,47,1969,F,DL,94751310630,00560,B2,Air,Pleasure,2016-04-28,2016-05-01
107,107,CHI,IL,51,1965,F,LH,93196617330,00430,B1,Air,Business,2016-04-10,2016-04-21
582,582,WAS,DC,42,1974,M,UA,92820727130,01567,B2,Air,Pleasure,2016-04-05,2016-04-08
254,276,BOS,MI,51,1965,F,DL,59322757133,00158,WT,Air,Pleasure,2016-04-27,2016-05-08
135,135,LVG,NV,32,1984,M,VS,59140652133,00043,WT,Air,Pleasure,2016-04-23,2016-04-28
261,261,PSP,HI,35,1981,M,SV,93711864730,00041,B1,Air,Business,2016-04-16,2016-04-23
111,111,MIA,FL,39,1977,M,AF,56277467733,00090,WT,Air,Pleasure,2016-04-16,2016-04-22
582,582,ATL,WI,35,1981,M,EV,93340353430,05510,B1,Air,Business,2016-04-12,2016-04-15
687,687,MIA,FL,44,1972,F,LA,94403859030,02514,B2,Air,Pleasure,2016-04-24,2016-05-04
