State,City,American_Indian_and_Alaska_Native,Asian,Black_or_African_American,Hispanic_or_Latino,White
Alabama,Birmingham,1319,1500,157985,8940,51728
Alabama,Dothan,656,1175,23243,1704,43516
Alabama,Hoover,0,4759,18191,3430,61869
Alabama,Huntsville,1755,6566,61561,10887,121904
Alabama,Mobile,2816,5518,96397,5229,93755
Alabama,Montgomery,1277,6518,121360,6648,73545
Alabama,Tuscaloosa,261,2733,42331,2475,52603
Alaska,Anchorage,36339,36825,23107,27261,212696
Arizona,Avondale,613,2828,11592,34716,62176
Arizona,Casas Adobes,2047,3009,1854,13609,58956
Arizona,Chandler,6601,33079,16163,57159,207993
Arizona,Flagstaff,5117,2646,3144,13606,58696
Arizona,Gilbert,5965,19740,9076,39937,211322
Arizona,Glendale,4064,15245,16254,83711,202539
Arizona,Goodyear,1301,5701,8678,21603,63493
Arizona,Mesa,16044,14608,22699,131425,413010
Arizona,Peoria,3108,6631,8514,41129,151232
Arizona,Phoenix,41748,66403,132939,669914,1161455
Arizona,San Tan Valley,3941,1378,2027,18733,75429
Arizona,Scottsdale,7003,11555,5279,24766,205512
Arizona,Surprise,1883,3153,9079,25366,115419
Arizona,Tempe,4636,17338,11293,44404,130346
Arizona,Tucson,24409,24689,33900,231025,404342
Arizona,Yuma,1228,1180,3731,57054,69691
Arkansas,Fayetteville,2058,4707,6927,5535,68830
Arkansas,Fort Smith,2993,6228,9851,17104,66004
Arkansas,Jonesboro,2109,1282,14599,4614,56626
Arkansas,Little Rock,961,8423,85606,15500,102312
Arkansas,North Little Rock,713,0,30766,4860,34118
Arkansas,Springdale,547,1422,1859,30200,56843
California,Alameda,1329,27984,7364,8265,44232
California,Alhambra,687,44067,1905,31386,20811
California,Anaheim,2489,53270,9775,201593,259820
California,Antioch,3462,14333,23227,35563,51151
California,Apple Valley,1446,2281,9124,25928,60767
California,Arden-Arcade,2587,7355,13647,15273,69369
California,Bakersfield,7357,31929,34240,180241,272853
California,Baldwin Park,316,15505,1560,56282,36890
California,Bellflower,783,10764,12839,42472,23336
California,Berkeley,1868,27089,11255,15429,82949
California,Bk,1639,14636,4729,22089,79582
California,Buena Park,361,24624,901,32915,48412
California,Camarillo,742,7198,1219,16186,59702
California,Carlsbad,1513,11948,876,12969,98705
California,Carmichael,2603,4205,4675,9291,55862
California,Carson,2119,31706,19947,32938,28801
California,Chico,2766,6101,3164,15578,80467
California,Chino,4790,12948,6815,45495,44543
California,Chino Hills,1773,28132,3506,22539,40030
California,Chula Vista,1652,48506,15641,156522,183753
California,Citrus Heights,1514,3615,5979,14661,77525
California,Clovis,1876,14249,3434,23744,78029
California,Compton,298,1732,26395,67523,53919
California,Concord,1447,17453,6150,41400,92575
California,Corona,2268,21044,9437,68592,119403
California,Costa Mesa,1961,9165,2925,38239,87320
California,Daly City,893,61918,5401,24316,25522
California,Davis,779,17816,2081,9041,47997
California,Downey,535,9776,5498,84806,77220
California,East Los Angeles,778,1053,508,116211,48980
California,El Cajon,1891,4561,7534,31542,84703
California,El Monte,718,33384,307,77523,64138
California,Elk Grove,2020,59424,20185,28781,86909
California,Escondido,3151,14398,5631,73793,120781
California,Fairfield,1016,22428,18274,32976,64106
California,Florence-Graham,0,0,5060,60895,30591
California,Folsom,998,15569,3985,5822,57435
California,Fontana,2656,14281,16986,156134,85044
California,Fremont,1606,141953,7762,29594,67294
California,Fresno,11380,75318,46072,256145,325651
California,Fullerton,1668,33937,5241,53459,92216
California,Garden Grove,1713,71737,1840,66038,66782
California,Glendale,474,42070,4619,30807,146718
California,Hawthorne,906,7601,21566,50115,23665
California,Hayward,2178,46285,20219,64880,74800
California,Hemet,2288,3697,7650,37448,67817
California,Hesperia,1712,2131,4889,53765,78718
California,Huntington Beach,2843,29095,4027,42303,156071
California,Indio,1112,2866,3300,58852,48562
California,Inglewood,1395,2712,44991,60873,33966
California,Irvine,799,126499,8670,19266,127358
California,Jurupa Valley,1554,4992,3091,66525,58201
California,Laguna Niguel,0,8499,881,9203,55919
California,Lake Forest,1482,16690,3526,17410,59846
California,Lakewood,398,18999,6123,24987,43766
California,Lancaster,2186,8654,36007,57423,110311
California,Livermore,941,14116,3199,19582,73440
California,Long Beach,12841,68095,64948,207890,277962
California,Los Angeles,63758,512999,404868,1936732,2177650
California,Lynwood,0,994,5346,63377,48670
California,Manteca,2861,8172,6279,31552,56156
California,Menifee,1639,7108,7773,29790,62331
California,Merced,2331,9911,6464,43684,42475
California,Milpitas,599,52617,2914,11815,17127
California,Mission Viejo,683,13073,2066,18913,81186
California,Modesto,4388,19417,9869,85141,166618
California,Moreno Valley,1843,11912,35550,120610,90391
California,Mountain View,577,23884,1974,16397,51400
California,Murrieta,2327,16041,9259,32944,77700
California,Napa,1751,3593,675,33229,57837
California,Newport Beach,423,10017,0,8127,74814
California,Norwalk,1165,16189,5195,76020,46998
California,Oakland,8380,75446,118228,114054,171599
California,Oceanside,2452,20882,11907,62100,137533
California,Ontario,4304,14313,12900,118292,74765
California,Orange,658,22457,2853,46255,100083
California,Oxnard,6241,18249,7183,154911,165423
California,Palmdale,2800,10981,27398,87452,73480
California,Palo Alto,556,24055,1049,3496,43019
California,Pasadena,2161,22794,15909,52717,76525
California,Perris,0,3341,9393,54398,23882
California,Pittsburg,2253,13981,14931,28605,25996
California,Pleasanton,608,27662,1919,7949,49934
California,Pomona,3866,17646,10774,108787,94296
California,Rancho Cordova,1940,12653,9307,13970,47757
California,Rancho Cucamonga,2789,24519,24437,65823,111832
California,Redding,4352,5271,2112,9143,81244
California,Redlands,811,6255,6973,19698,55241
California,Redondo Beach,1007,13118,2234,8858,53811
California,Redwood City,664,14873,2758,29011,51019
California,Rialto,1065,4103,11800,78571,74551
California,Richmond,2348,20082,27434,45132,36074
California,Riverside,5338,27675,26147,160697,225157
California,Roseville,2635,18171,4413,23499,103853
California,Sacramento,10145,105063,77439,150153,268151
California,Salinas,2855,11227,3391,121196,95283
California,San Bernardino,4520,12981,36393,136214,123174
California,San Buenaventura,2808,6547,1300,38463,95139
California,San Clemente,0,4296,251,10421,58849
California,San Diego,16496,267222,111650,425414,949388
California,San Francisco,8997,324034,53270,132114,442155
California,San Jose,13776,385198,41721,331232,442798
California,San Leandro,1540,34019,11100,26894,40182
California,San Marcos,821,11519,4447,35164,72061
California,San Mateo,682,30573,2880,23151,62656
California,San Ramon,609,38970,2734,5449,37057
California,Santa Ana,4838,37651,5813,262436,163096
California,Santa Barbara,1560,4964,2013,31102,73659
California,Santa Clara,1354,58360,4580,22402,55847
California,Santa Clarita,4441,23168,9223,56944,144949
California,Santa Maria,1575,5058,1237,81551,90403
California,Santa Monica,2197,13283,9663,14973,70365
California,Santa Rosa,8859,13496,7157,54578,138506
California,Simi Valley,2474,14984,2378,34032,107898
California,South Gate,618,971,1615,91312,55444
California,South San Francisco,535,23008,2327,29173,28135
California,Stockton,19834,76859,41161,128216,170878
California,Sunnyvale,1179,69472,4210,25638,71463
California,Temecula,2236,14532,5698,36246,85130
California,Thousand Oaks,2690,16134,3229,26754,108375
California,Torrance,3638,54317,5906,25699,80498
California,Tracy,2120,16856,5241,32810,58041
California,Turlock,1187,5232,2307,23559,59308
California,Tustin,538,16074,2954,33998,39660
California,Union City,243,44849,5508,13207,16845
California,Upland,1068,9182,5717,30787,46704
California,Vacaville,3140,9273,18023,23395,66825
California,Vallejo,1671,34753,26778,28977,56169
California,Victorville,5305,7755,26747,60569,86648
California,Visalia,2113,11523,2525,63482,107322
California,Vista,0,7189,5164,49524,83529
California,Walnut Creek,0,10831,1705,5212,57064
California,West Covina,518,32716,3693,58907,48046
California,Westminster,1022,46560,2270,19111,37593
California,Whittier,680,3503,1262,61249,49388
California,Yorba Linda,211,17616,1326,10599,49980
California,Yuba City,2163,15065,1912,20890,48746
Colorado,Arvada,2370,2922,2985,16419,107639
Colorado,Aurora,8277,24673,61894,109396,239803
Colorado,Boulder,767,8772,1615,9795,98243
Colorado,Broomfield,601,5193,1154,8065,58341
Colorado,Centennial,1219,7041,4005,8086,98174
Colorado,Colorado Springs,11146,22619,38976,78711,374900
Colorado,Denver,14008,32491,72288,207847,546370
Colorado,Fort Collins,3271,7913,3176,15521,150568
Colorado,Greeley,2449,2202,2856,39271,92874
Colorado,Highlands Ranch,1480,5650,1779,8393,94499
Colorado,Lakewood,2597,7340,2679,33630,139669
Colorado,Longmont,1682,2255,1782,24846,85853
Colorado,Loveland,1029,1549,950,13567,71538
Colorado,Pueblo,7306,2468,4107,57579,86097
Colorado,Thornton,2967,7034,4569,49241,119264
Colorado,Westminster,1444,8668,3228,23355,100084
Connecticut,Bridgeport,2527,8546,53770,59036,68007
Connecticut,Danbury,1086,7350,8454,25145,55917
Connecticut,Hartford,2451,4105,49939,55959,46529
Connecticut,New Britain,0,2297,9873,30188,56431
Connecticut,New Haven,2205,7966,43356,43563,56251
Connecticut,Norwalk,552,2954,15129,24682,67844
Connecticut,Stamford,1416,11013,24329,33197,85620
Connecticut,Waterbury,492,4080,26972,38222,69075
Delaware,Wilmington,414,1193,44182,5516,23743
District of Columbia,Washington,6130,35072,328786,71129,285402
Florida,Alafaya,0,10336,6577,34897,63666
Florida,Boca Raton,556,2494,4527,14735,80781
Florida,Boynton Beach,0,2114,20616,12553,49704
Florida,Brandon,1921,9440,23475,26224,80811
Florida,Cape Coral,1040,3314,7311,33016,163396
Florida,Clearwater,867,2434,12369,17211,97195
Florida,Coral Springs,1262,6573,27225,40817,90896
Florida,Davie,464,4581,11005,35311,79832
Florida,Deerfield Beach,698,1428,25344,12729,53037
Florida,Delray Beach,0,1696,21138,6397,40980
Florida,Deltona,651,1292,12056,31357,75686
Florida,Fort Lauderdale,1366,3791,62954,28148,109751
Florida,Fort Myers,0,3519,17298,17866,50169
Florida,Gainesville,740,11963,32912,12208,87612
Florida,Hialeah,0,1149,5687,227508,219991
Florida,Hollywood,1010,4696,34916,53247,107916
Florida,Homestead,0,0,16705,41910,48820
Florida,Jacksonville,8177,50895,282692,80064,543582
Florida,Kendall,0,3650,2937,47521,70266
Florida,Kissimmee,0,2634,6623,44120,51123
Florida,Lakeland,288,3348,25111,16501,75636
Florida,Largo,881,3249,5860,9561,73502
Florida,Lauderhill,1186,2662,56948,6089,10788
Florida,Lehigh Acres,1675,1853,29998,42092,86328
Florida,Melbourne,251,5186,11721,6060,65397
Florida,Miami,1571,4613,87331,319942,338232
Florida,Miami Beach,0,2772,4013,47446,72180
Florida,Miami Gardens,0,0,85300,23287,27273
Florida,Miramar,0,12084,65840,46767,58914
Florida,Orlando,2374,11124,68081,89306,179121
Florida,Palm Bay,1603,1124,20891,16841,84328
Florida,Palm Coast,700,2479,10786,8706,67272
Florida,Pembroke Pines,1076,12910,34507,60519,113624
Florida,Pine Hills,0,2209,57089,10496,10029
Florida,Plantation,0,3954,19670,26401,66970
Florida,Poinciana,1593,1409,24750,37382,45622
Florida,Pompano Beach,2138,1089,38653,23225,67360
Florida,Port Saint Lucie,1536,7967,32986,34240,135049
Florida,Riverview,726,3582,15159,23317,60793
Florida,Saint Petersburg,2716,10893,67798,20483,179121
Florida,Spring Hill,1254,2409,7689,15838,91742
Florida,Sunrise,0,3501,33951,29163,54976
Florida,Tallahassee,1368,10035,69135,13538,112800
Florida,Tampa,2915,15814,92156,95154,257552
Florida,The Villages,0,0,331,1066,72211
Florida,Town 'n' Country,1622,3347,9575,37944,64441
Florida,West Palm Beach,406,3191,39226,26132,60648
Florida,Weston,128,4130,3697,36687,61021
Georgia,Albany,445,650,53440,1783,17160
Georgia,Athens-Clarke County unified government,593,6635,34583,13159,79931
Georgia,Atlanta,4606,24268,245367,18653,196316
Georgia,Augusta-Richmond County consolidated government,1667,4429,112271,9068,77940
Georgia,Columbus,1343,7039,95366,15180,97436
Georgia,Johns Creek,826,24289,11273,5924,48414
Georgia,Macon,682,3588,84569,4897,64117
Georgia,Roswell,585,7240,15458,16920,69857
Georgia,Sandy Springs,1574,7909,15420,13670,78835
Georgia,Savannah,2116,5366,82307,9734,57690
Georgia,Warner Robins,1309,2723,29307,5378,42306
Hawaii,Urban Honolulu,5592,240978,11781,24586,110508
Idaho,Boise,4046,9806,4413,19480,204913
Idaho,Meridian,492,2693,1809,6596,84625
Idaho,Nampa,2167,1486,1600,22066,80776
Illinois,Arlington Heights,0,9975,1222,2742,66285
Illinois,Aurora,1179,17190,23736,86653,115903
Illinois,Bloomington,182,6549,11240,3461,60652
Illinois,Bolingbrook,323,9788,12671,16904,40458
Illinois,Champaign,0,11746,16163,4015,58099
Illinois,Chicago,23323,195084,873316,785725,1374535
Illinois,Cicero,964,1193,2865,76425,30824
Illinois,Decatur,265,1343,17939,1709,56231
Illinois,Elgin,789,7606,7528,48221,76126
Illinois,Evanston,544,8800,11671,9075,54496
Illinois,Joliet,523,2813,27883,45291,106160
Illinois,Naperville,449,31221,9031,4928,108937
Illinois,Palatine,0,8145,1822,18626,46246
Illinois,Peoria,1343,6989,36333,6874,77074
Illinois,Rockford,2301,5500,33122,28923,107148
Illinois,Schaumburg,633,21571,2071,12545,43688
Illinois,Skokie,0,20272,4937,6590,40642
Illinois,Springfield,1602,3871,25327,2738,90935
Illinois,Waukegan,677,4933,11697,54214,65629
Indiana,Bloomington,912,9801,5133,3643,71200
Indiana,Carmel,0,11223,2171,3111,77178
Indiana,Evansville,713,1376,17564,3263,100055
Indiana,Fishers,0,7571,6873,3409,73361
Indiana,Fort Wayne,3577,13596,46319,21234,204114
Indiana,Gary,551,537,61416,6266,13498
Indiana,Hammond,1509,1540,20442,25320,41705
Indiana,Indianapolis,8656,29307,253932,83426,553665
Indiana,Lafayette,0,1167,6752,9151,63157
Indiana,Muncie,203,0,10482,2499,59962
Indiana,South Bend,411,1788,30005,16462,71391
Iowa,Ames,0,8979,1103,2024,56157
Iowa,Cedar Rapids,1243,5406,11921,5328,116851
Iowa,Davenport,901,3071,12761,9131,88145
Iowa,Des Moines,3964,15205,26353,25306,168057
Iowa,Iowa City,610,5533,7219,4072,59839
Iowa,Sioux City,1956,3400,3994,15602,70513
Iowa,Waterloo,467,1636,11815,4961,51252
Kansas,Kansas City,2749,7301,40177,44342,96113
Kansas,Lawrence,4239,6547,5777,6435,79793
Kansas,Olathe,1872,6288,9518,16131,120282
Kansas,Overland Park,1264,17123,10685,10104,161153
Kansas,Shawnee,485,3093,7296,4864,55883
Kansas,Topeka,4804,3127,15030,18640,108035
Kansas,Wichita,8791,25210,52592,65162,305910
Kentucky,Lexington-Fayette  county,3187,14066,51493,21766,249339
Kentucky,Louisville/Jefferson County metro government,4585,18601,151256,28712,456451
Louisiana,Baton Rouge,1119,7442,122634,7428,96730
Louisiana,Bossier City,630,2175,19520,5589,47454
Louisiana,Kenner,158,2729,17172,17769,44863
Louisiana,Lafayette,1183,2776,39862,6556,85282
Louisiana,Lake Charles,592,1444,38358,3157,36346
Louisiana,Metairie,438,4791,17263,19703,124270
Louisiana,New Orleans,2496,13349,234645,21850,140314
Louisiana,Shreveport,1647,4033,112923,5081,79319
Maine,Portland,662,3696,5750,2031,59722
Maryland,Baltimore,7730,20161,396270,29953,207274
Maryland,Columbia,488,17821,30075,8033,58343
Maryland,Ellicott City,396,22551,6089,1602,43537
Maryland,Frederick,1333,5711,13372,13065,49181
Maryland,Gaithersburg,672,13169,12482,18721,36639
Maryland,German,1232,15921,22273,18202,43330
Maryland,Glen Burnie,708,3194,17010,9137,49982
Maryland,Rockville,594,17370,7533,9197,41692
Maryland,Silver Spring,1084,8841,21330,25924,37756
Maryland,Waldorf,1918,4100,47334,4810,26788
Massachusetts,Boston,5580,69976,189347,130656,378543
Massachusetts,Brockton,881,2528,43646,10890,40110
Massachusetts,Cambridge,906,18441,11880,9433,80551
Massachusetts,Fall River,1481,1891,6389,9081,77242
Massachusetts,Framingham,849,5993,6944,13000,52205
Massachusetts,Lawrence,0,2149,9221,63175,40757
Massachusetts,Lowell,868,28944,7310,22095,68838
Massachusetts,Lynn,1176,9205,18240,33250,50652
Massachusetts,New Bedford,346,1811,8890,18336,63938
Massachusetts,Newton,244,15666,2925,4790,69380
Massachusetts,Quincy,351,30473,3917,2566,58723
Massachusetts,Somerville,374,9498,7140,8790,62927
Massachusetts,Springfield,2087,5606,35284,69209,97171
Massachusetts,Worcester,1917,15932,27491,39000,131898
Michigan,Ann Arbor,1935,18797,9577,5888,90173
Michigan,Dearborn,713,4134,3699,3533,88742
Michigan,Detroit,6007,10804,545988,53980,104260
Michigan,Farmington Hills,313,10759,13483,2052,57815
Michigan,Flint,1508,657,55137,2525,44786
Michigan,Grand Rapids,3436,6057,42256,31282,143702
Michigan,Kalamazoo,954,2429,19194,4114,56866
Michigan,Lansing,5254,4168,34196,14245,75688
Michigan,Livonia,445,2719,4633,1772,87383
Michigan,Rochester Hills,348,8092,3514,3395,62170
Michigan,Southfield,983,1345,54200,573,18296
Michigan,Sterling Heights,0,12264,8054,2811,112743
Michigan,Troy,1677,22721,5294,2400,56175
Michigan,Warren,1516,12156,29391,3210,96357
Michigan,Westland,429,4843,16422,2827,60576
Michigan,Wyoming,2444,3227,8839,15325,58989
Minnesota,Bloomington,1745,4689,5828,8021,71874
Minnesota,Brooklyn Park,1173,14443,22550,4138,41760
Minnesota,Duluth,1894,1721,3891,1981,81720
Minnesota,Eagan,684,6923,8032,4328,52612
Minnesota,Maple Grove,549,6088,2951,1685,59683
Minnesota,Minneapolis,9238,33854,89996,39981,277862
Minnesota,Plymouth,760,5561,6938,3274,63872
Minnesota,Rochester,1172,9839,9425,6617,93477
Minnesota,Saint Cloud,1169,2494,6401,2639,59794
Minnesota,Saint Paul,6858,58174,54665,27307,191369
Minnesota,Woodbury,0,7758,6054,3258,56216
Mississippi,Gulfport,0,1723,27799,4247,42870
Mississippi,Jackson,323,864,139567,3017,28775
Missouri,Columbia,1713,8673,15489,4956,96067
Missouri,Independence,1883,558,10394,12236,98940
Missouri,Kansas City,5796,17061,147739,46037,296623
Missouri,Lee's Summit,1251,3013,7100,4504,82915
Missouri,O'Fallon,685,3447,5136,2583,77049
Missouri,Saint Charles,681,3392,6842,4070,58662
Missouri,Saint Joseph,1018,1271,6964,5400,68293
Missouri,Saint Louis,2746,12209,151030,12261,155574
Missouri,Springfield,2777,5725,10026,7100,151686
Montana,Billings,6066,1873,2200,7526,102522
Montana,Missoula,3618,2292,1149,2474,66504
Nebraska,Lincoln,4281,15138,16445,20296,246677
Nebraska,Omaha,6318,19105,64223,63516,353417
Nevada,Enterprise,2777,35444,14637,25307,85505
Nevada,Henderson,3036,24931,18816,47154,234301
Nevada,Las Vegas,8456,55745,84987,204913,429142
Nevada,North Las Vegas,4739,20273,54093,94804,137357
Nevada,Paradise,4314,28380,25091,88347,147624
Nevada,Reno,3872,20681,9427,59902,197335
Nevada,Sparks,2019,7915,4226,29159,78737
Nevada,Spring Valley,2215,45059,29031,40374,111763
Nevada,Sunrise Manor,3962,16165,29483,99838,109960
New Hampshire,Manchester,558,4304,6896,11962,100108
New Hampshire,Nashua,655,9685,4147,10511,73977
New Jersey,Bayonne,0,7171,7581,19525,41431
New Jersey,Camden,0,1686,35237,41473,19907
New Jersey,Clifton,2417,5840,8743,33176,51516
New Jersey,East Orange,535,656,57859,6368,3165
New Jersey,Elizabeth,797,3369,29822,86456,70873
New Jersey,Jersey City,3356,67610,65051,79718,99300
New Jersey,Newark,2268,7349,144961,100432,76402
New Jersey,Passaic,0,3338,5230,53680,30352
New Jersey,Paterson,1083,9653,45858,85555,54885
New Jersey,Toms River,251,4691,3703,10267,79538
New Jersey,Trenton,98,1437,43471,30613,37683
New Jersey,Union City,545,4044,4686,53174,50031
New Mexico,Albuquerque,32243,25140,26774,271854,411847
New Mexico,Las Cruces,2368,3266,3825,60614,91201
New Mexico,Rio Rancho,4857,2374,3970,38674,73022
New Mexico,Santa Fe,2960,1878,1284,45884,75494
New York,Albany,1611,8090,31303,9368,58368
New York,Brentwood,4242,1647,8619,40111,46347
New York,Buffalo,4406,14518,101254,29656,130078
New York,Cheektowaga,0,1584,10562,1994,63541
New York,Mount Vernon,356,1497,49830,9446,13106
New York,New Rochelle,645,4218,17723,23548,44435
New York,New York,90923,1304564,2192248,2485125,3835726
New York,Rochester,4856,8748,93072,38004,105636
New York,Schenectady,1059,5140,15640,5957,40278
New York,Syracuse,3606,9386,46026,13368,88679
New York,Yonkers,1112,13981,38731,73608,129492
North Carolina,Asheville,496,1939,9078,4146,77979
North Carolina,Cary,1752,25124,15496,10327,119814
North Carolina,Charlotte,8746,55399,301568,113731,446795
North Carolina,Concord,216,3566,19027,11301,60500
North Carolina,Durham,3154,15740,108088,36304,127680
North Carolina,Fayetteville,6603,8949,90625,25080,102075
North Carolina,Gastonia,603,2788,22179,6653,46362
North Carolina,Greensboro,3688,12683,124108,22147,144930
North Carolina,Greenville,917,2787,37355,4409,50289
North Carolina,High Point,1181,11060,39369,11446,58004
North Carolina,Jacksonville,1741,4204,13253,11947,51245
North Carolina,Raleigh,3955,24865,138242,51786,275892
North Carolina,Wilmington,742,3152,23578,6811,89270
North Carolina,Winston-Salem,1415,6484,87480,38321,139301
North Dakota,Bismarck,4040,930,1700,1667,64719
North Dakota,Fargo,3102,4646,6477,3567,107349
Ohio,Akron,1845,9033,66551,3684,129192
Ohio,Canton,358,0,21353,3597,53571
Ohio,Cincinnati,3362,7633,133430,9121,162245
Ohio,Cleveland,6140,10102,205395,40603,166958
Ohio,Columbus,11496,48974,256764,46855,549468
Ohio,Dayton,2010,1885,57280,4945,86016
Ohio,Lorain,904,308,16388,19342,46667
Ohio,Parma,876,974,2928,5361,76282
Ohio,Toledo,3942,6850,85552,23614,188325
Ohio,Youngs,875,247,31725,7564,33031
Oklahoma,Broken Arrow,11963,4206,7198,9191,94366
Oklahoma,Edmond,8051,5349,4987,6187,78979
Oklahoma,Lawton,10027,5173,25767,13780,63948
Oklahoma,Norman,10801,6539,6620,11732,106409
Oklahoma,Oklahoma City,41696,33759,111673,117362,462306
Oklahoma,Tulsa,42129,16318,72643,61217,279127
Oregon,Beaverton,905,10538,3100,15452,80975
Oregon,Bend,1818,2726,465,8173,83689
Oregon,Eugene,5035,11073,5632,17356,146807
Oregon,Gresham,2084,6641,7721,23576,94904
Oregon,Hillsboro,4524,13704,4347,22169,81072
Oregon,Medford,1239,2135,1201,14294,75464
Oregon,Portland,15314,64386,45914,61064,524258
Oregon,Salem,7678,6076,3770,39414,148650
Pennsylvania,Allen,1076,2670,22304,59176,74187
Pennsylvania,Bethlehem,0,3759,7821,23409,64526
Pennsylvania,Erie,913,3306,20564,7859,78636
Pennsylvania,Philadelphia,17500,122721,691186,219038,688130
Pennsylvania,Pittsburgh,2689,21227,82248,9266,208863
Pennsylvania,Reading,9671,903,20821,57032,64401
Pennsylvania,Scranton,0,4722,6256,11301,66875
Puerto Rico,Bayamón,0,0,0,169155,0
Puerto Rico,Caguas,624,0,0,76349,0
Puerto Rico,Carolina,12143,0,0,139967,0
Puerto Rico,Guaynabo,589,0,0,69936,0
Puerto Rico,Mayagüez,0,235,0,65521,0
Puerto Rico,Ponce,0,0,0,120705,0
Puerto Rico,San Juan,4031,2452,0,335559,0
Rhode Island,Cranston,839,5978,8193,10418,64806
Rhode Island,Pawtucket,1359,2150,15513,16117,47614
Rhode Island,Providence,4171,13432,30638,77968,97885
Rhode Island,Warwick,0,2685,1212,4723,76999
South Carolina,Charleston,633,2773,29998,3929,104016
South Carolina,Columbia,1420,3501,56398,7545,73232
South Carolina,Mount Pleasant,0,1827,3730,2569,75908
South Carolina,North Charleston,1042,4181,56734,12975,48956
South Carolina,Rock Hill,610,1073,28204,2845,41652
South Dakota,Rapid City,9159,2170,2217,2971,63983
South Dakota,Sioux Falls,4623,4689,10904,9388,149298
Tennessee,Chattanooga,1092,4602,59918,10918,114140
Tennessee,Clarksville,2338,6348,39445,16004,104626
Tennessee,Franklin,0,3911,7749,4916,61459
Tennessee,Jackson,564,1171,30103,3383,36037
Tennessee,Johnson City,400,1877,6016,1114,59147
Tennessee,Knoxville,2304,4717,35049,8640,145055
Tennessee,Memphis,4127,15778,420983,46621,202961
Tennessee,Murfreesboro,1339,7265,22651,8840,97270
Tennessee,Nashville,5474,27355,188844,67526,432447
Texas,Abilene,1813,2929,14449,33222,95487
Texas,Allen,227,15790,13140,10615,69840
Texas,Amarillo,4260,8563,14050,65392,174214
Texas,Arlington,2918,31804,92955,112078,251155
Texas,Atascocita,1024,2441,21491,20441,50630
Texas,Austin,10890,78916,81861,327680,708171
Texas,Bay,2167,2819,16782,31672,48797
Texas,Beaumont,908,4079,58008,18815,53597
Texas,Brownsville,1165,1589,1239,170041,174670
Texas,Bryan,3557,2688,11914,29647,59742
Texas,Carrollton,812,18456,10923,46850,102948
Texas,Cedar Park,219,5654,3667,11872,56991
Texas,College Station,605,10915,11316,17784,84892
Texas,Conroe,707,2302,6713,23863,57480
Texas,Corpus Christi,2972,9051,14978,200737,292663
Texas,Dallas,17510,47099,322570,549966,839169
Texas,Denton,1857,7061,15542,29350,106278
Texas,Edinburg,0,812,0,74698,77560
Texas,El Paso,7359,12370,34473,542017,587683
Texas,Flower Mound,1095,6577,3559,6149,61433
Texas,Fort Worth,7504,42053,167449,296133,575180
Texas,Frisco,2947,30341,10821,17093,111477
Texas,Garland,3083,27217,40507,90989,154484
Texas,Grand Prairie,1754,11446,54934,85543,113981
Texas,Harlingen,0,2166,0,51727,61844
Texas,Houston,13157,173854,529431,1028148,1386389
Texas,Irving,2960,49421,30356,97862,132779
Texas,Killeen,2362,8183,54601,32600,75823
Texas,Laredo,1253,1963,832,243190,246442
Texas,League City,0,8163,4166,14868,86012
Texas,Lewisville,1371,12412,16948,31757,70278
Texas,Longview,253,1810,19904,17614,60997
Texas,Lubbock,7627,7508,23594,90706,206318
Texas,McAllen,664,5575,3332,113829,107763
Texas,McKinney,1801,13882,16689,31705,129192
Texas,Mesquite,2564,4496,37339,56753,98597
Texas,Midland,1922,3279,10379,58677,115958
Texas,Mission,0,3075,0,73367,77985
Texas,Missouri City,0,17854,28070,10007,20590
Texas,New Braunfels,648,1610,3471,22522,63789
Texas,North Richland Hills,1127,5295,5439,10195,58258
Texas,Odessa,1134,2252,7647,63586,106944
Texas,Pasadena,1993,1570,6204,105871,140240
Texas,Pearland,851,14683,23779,26460,73349
Texas,Pharr,0,0,204,72995,73694
Texas,Plano,3771,59958,25217,42959,195220
Texas,Richardson,1439,20724,13256,15762,76116
Texas,Round Rock,1551,9685,13636,37151,92278
Texas,San Angelo,548,1658,6079,42494,86655
Texas,San Antonio,20752,53933,119542,937607,1240092
Texas,Sugar Land,0,33469,8993,7835,44555
Texas,Temple,1615,1781,14747,21372,54698
Texas,The Woodlands,2427,8828,6420,19574,106202
Texas,Tyler,1057,2543,26156,21536,72728
Texas,Victoria,0,2032,6058,34409,58798
Texas,Waco,794,4230,29883,40585,96958
Texas,Wichita Falls,1503,3688,14529,23061,82860
Utah,Layton,1674,2889,2710,10123,65333
Utah,Ogden,1717,1911,2620,28275,74960
Utah,Orem,976,3862,1837,18342,85512
Utah,Provo,1916,4104,1062,16668,108471
Utah,Saint George,2406,1649,1376,10829,71915
Utah,Salt Lake City,3488,13153,5365,40559,150136
Utah,Sandy,507,5657,522,6832,85130
Utah,South Jordan,0,2487,0,4672,59046
Utah,West Jordan,1211,3539,3179,21315,100150
Utah,West Valley City,4851,9550,3222,44080,89145
Virginia,Alexandria,1133,13315,37168,25573,106215
Virginia,Arlington,845,28595,22372,35911,171673
Virginia,Centreville,355,25058,6724,9613,39129
Virginia,Chesapeake,2087,11354,73850,12959,150414
Virginia,Dale City,548,9251,18074,23868,34640
Virginia,Hampton,2534,4561,70303,7513,61753
Virginia,Lynchburg,1024,2910,23271,2689,53727
Virginia,Newport News,2201,8275,79245,15780,95151
Virginia,Norfolk,3259,11854,107893,18760,127741
Virginia,Portsmouth,1584,1785,52972,3896,43004
Virginia,Richmond,4902,6626,109722,14259,104568
Virginia,Roanoke,594,3237,30920,6091,68761
Virginia,Suffolk,504,2248,39107,3539,46458
Virginia,Virginia Beach,4590,38715,99948,36309,324924
Washington,Auburn,3042,12341,4032,10836,58293
Washington,Bellevue,1949,52223,4151,12215,82378
Washington,Bellingham,2056,8010,2325,6966,74183
Washington,Everett,3645,9807,8304,15889,88395
Washington,Federal Way,2396,16026,15495,14049,59035
Washington,Kennewick,1101,4252,2887,19395,65228
Washington,Kent,3651,26168,20450,21928,67918
Washington,Kirkland,1155,15277,1041,6720,70491
Washington,Marysville,3260,6185,1800,7142,58894
Washington,Pasco,1054,2215,2265,38883,55741
Washington,Renton,2338,22550,12265,15392,58251
Washington,Seattle,12804,121507,61974,43060,511401
Washington,Spokane,7192,9059,10045,13365,193143
Washington,Spokane Valley,2473,1336,1192,5110,91125
Washington,Tacoma,5549,26909,30914,25764,149859
Washington,Vancouver,4541,10882,7520,23184,149863
Washington,Yakima,2042,2248,924,44172,79286
Wisconsin,Appleton,835,5561,3407,5139,64674
Wisconsin,Eau Claire,876,4202,725,1488,62194
Wisconsin,Green Bay,6547,5652,7561,16786,82033
Wisconsin,Kenosha,1264,2537,11915,18772,84780
Wisconsin,Madison,2296,23937,20424,19697,204302
Wisconsin,Milwaukee,10813,24832,248149,110335,297038
Wisconsin,Oshkosh,237,3182,2778,1972,60210
Wisconsin,Racine,1371,1175,20014,18215,52445
Wisconsin,Waukesha,481,2904,1923,9713,66757
